2026/01/02,2026/01/02,Purchase,"=""RBZ5H0YQNXZMXPX8RR""","=""FTWT0RJS0QZYXZ2JQJ""",02-01-2026,"=""Red Banana""",02-01-2026 09-00-00,78.17,,29921.83
2026/01/03,2026/01/03,Purchase,"=""RB7WRRQP5ZMYIMTGJ9""","=""FT47R4U75QO2JS6LJB""",03-01-2026,"=""Avas Ride""",03-01-2026 01-00-00,131.34,,29790.49
2026/01/03,2026/01/03,Purchase,"=""RBRJF7KXD92VKXO1HI""","=""FTLCMBB6M9P31NAI2T""",03-01-2026,"=""AliExpress""",03-01-2026 17-00-00,184.51,,29605.98
2026/01/04,2026/01/04,Purchase,"=""RB5OU3J6XZJGJYKKBS""","=""FTX37E74XMMBE8BTAC""",04-01-2026,"=""MPGOOGLE Google One""",04-01-2026 09-00-00,237.68,,29368.30
2026/01/05,2026/01/05,Bill Payment,"=""RBEOE10S7RW0VJRUZA""","=""FTW5C2PKJ7D75BL1Q7""",05-01-2026,"=""Dhiraagu BILLPAY""",05-01-2026 01-00-00,290.85,,29077.45
2026/01/05,2026/01/05,Salary,"=""RBDTKD5CV6SXF6NLBE""","=""FTOU6UGV80UN1D5JAE""",Synthetic Employer Pvt Ltd,"=""Synthetic Employer Pvt Ltd""",05-01-2026 17-00-00,,10582.00,39659.45
2026/01/06,2026/01/06,ATM Withdrawal,"=""RBDA4X488Y2YDV7TPX""","=""FTXX80ZOKWQ55JKD22""",ATM Cash Withdrawal,"=""ATM Cash Withdrawal""",06-01-2026 09-00-00,397.19,,39262.26
2026/01/07,2026/01/07,Credit Card Payment,"=""RB40HPB1VB7YGLNCNG""","=""FT780ED2CR1ML035TB""",BML Credit Card Payment,"=""BML Credit Card Payment""",07-01-2026 01-00-00,450.36,,38811.90
2026/01/07,2026/01/07,Favara Debit,"=""RBPPF5HRPSVIOT7AR0""","=""FT2770MK7XQ7BSAUQ0""",Ali Shaheed,"=""Ali Shaheed""",07-01-2026 17-00-00 Favara,27.00,,38784.90
2026/01/08,2026/01/08,Transfer Debit,"=""RB1176ABL8K581OP8W""","=""FTVQL6F5CEX9KY6VH1""",Mariyam Naaz,"=""Mariyam Naaz""",08-01-2026 09-00-00 Internet Banking,80.17,,38704.73
2026/01/09,2026/01/09,Favara Debit,"=""RB5DT61GQJDKMT3X1Q""","=""FT1JHJ8PTJB5MCE59E""",Fathimath Leeza,"=""Fathimath Leeza""",09-01-2026 01-00-00 Favara,133.34,,38571.39
2026/01/09,2026/01/09,Favara Credit,"=""RB17DMNV0K20VRI10Z""","=""FTZVRM6R5KYY6JDSDD""",Freelance Client 1,"=""Freelance Client 1""",09-01-2026 17-00-00 Favara,,186.51,38757.90
2026/01/10,2026/01/10,Favara Credit,"=""RBD9Z4H1MNXN1CVTNH""","=""FTTAOXE5N0BHI8HLZH""",Mariyam Naaz,"=""Mariyam Naaz""",10-01-2026 09-00-00 Favara,,239.68,38997.58
2026/01/11,2026/01/11,Transfer Credit,"=""RBB3KQFU8OGLBGC3XE""","=""FTPFM1H4AXM6I1M9VT""",Ali Shaheed,"=""Ali Shaheed""",11-01-2026 01-00-00 Internet Banking,,292.85,39290.43
2026/01/11,2026/01/11,Transfer Debit,"=""RB36VIYJ2QJFQJNY8G""","=""FTDEKIZ0EBRWI87EPN""",Echbees LLP,"=""Echbees LLP""",11-01-2026 17-00-00 Internet Banking,346.02,,38944.41
2026/01/12,2026/01/12,Favara Debit,"=""RBFX0X7N7I8WT53NXX""","=""FT2UX7TRET7IL1Z2SK""",My Other Bank Account,"=""My Other Bank Account""",12-01-2026 09-00-00 Favara,399.19,,38545.22
2026/01/13,2026/01/13,Favara Credit,"=""RB4G0YGT9BSNNV2CZJ""","=""FTFNFDK70X9LV19REL""",My Other Bank Account,"=""My Other Bank Account""",13-01-2026 01-00-00 Favara,,452.36,38997.58
2026/01/13,2026/01/13,Purchase,"=""RBD9FDOSAWAKE642X4""","=""FTKB5BXZEBKCFUEPV9""",13-01-2026,"=""Villa Mart""",13-01-2026 17-00-00,29.00,,38968.58
2026/01/14,2026/01/14,Purchase,"=""RBA0LSVD2TBODHG844""","=""FTOJ21R1GF1IYINF5G""",14-01-2026,"=""Avas Ride""",14-01-2026 09-00-00,82.17,,38886.41
2026/01/15,2026/01/15,Purchase,"=""RB7KVFWJUXK02CWZDG""","=""FT6A9G7HDBU3KRTXXW""",15-01-2026,"=""AliExpress""",15-01-2026 01-00-00,135.34,,38751.07
2026/01/15,2026/01/15,Purchase,"=""RB7GXEU490Y4029WOS""","=""FTKGL1NY7IJOF5IE1I""",15-01-2026,"=""MPGOOGLE YouTube Premium""",15-01-2026 17-00-00,188.51,,38562.56
2026/01/16,2026/01/16,Bill Payment,"=""RBG0639DNJJ9NXE5PR""","=""FT56ONHK1A324FID1N""",16-01-2026,"=""STELCO BILLPAY""",16-01-2026 09-00-00,241.68,,38320.88
2026/01/17,2026/01/17,Salary,"=""RBP2Y5GI0U0S91QC77""","=""FTYQVMRYRPN3GCZWD4""",Synthetic Employer Pvt Ltd,"=""Synthetic Employer Pvt Ltd""",17-01-2026 01-00-00,,12231.00,50551.88
2026/01/17,2026/01/17,ATM Withdrawal,"=""RBSNG1K700GU9YFM9C""","=""FTWJJE6DDVZBCV5Y35""",ATM Cash Withdrawal,"=""ATM Cash Withdrawal""",17-01-2026 17-00-00,348.02,,50203.86
2026/01/18,2026/01/18,Credit Card Payment,"=""RBNDLV7DGFES4TUFEN""","=""FT0CE65UY7ASAMPTPZ""",BML Credit Card Payment,"=""BML Credit Card Payment""",18-01-2026 09-00-00,401.19,,49802.67
2026/01/19,2026/01/19,Favara Debit,"=""RBZP3B2RW9TPBXPBVH""","=""FTZ2CJLVYAE9WQFSC9""",Mariyam Naaz,"=""Mariyam Naaz""",19-01-2026 01-00-00 Favara,454.36,,49348.31
2026/01/19,2026/01/19,Transfer Debit,"=""RB06RJGZ5R66KJ0NMF""","=""FT2TG9HYDP5TKJLLMQ""",Fathimath Leeza,"=""Fathimath Leeza""",19-01-2026 17-00-00 Internet Banking,31.00,,49317.31
2026/01/20,2026/01/20,Favara Debit,"=""RBBFQLAYVOGV0IJF9Z""","=""FT3LBNFL2K4DOEJ3PD""",Ahmed Rasheed,"=""Ahmed Rasheed""",20-01-2026 09-00-00 Favara,84.17,,49233.14
2026/01/21,2026/01/21,Favara Credit,"=""RBSWMLPGWBUG5A2QT4""","=""FTAIGMLC3QSCFJOZI4""",Freelance Client 2,"=""Freelance Client 2""",21-01-2026 01-00-00 Favara,,137.34,49370.48
2026/01/21,2026/01/21,Favara Credit,"=""RBK8DPM59XQUR91QRF""","=""FTJQHF7EGNZE1LD35V""",Fathimath Leeza,"=""Fathimath Leeza""",21-01-2026 17-00-00 Favara,,190.51,49560.99
2026/01/22,2026/01/22,Transfer Credit,"=""RB125KRVMJR55RH06T""","=""FTLNPP153X221XFYNQ""",Mariyam Naaz,"=""Mariyam Naaz""",22-01-2026 09-00-00 Internet Banking,,243.68,49804.67
2026/01/23,2026/01/23,Transfer Debit,"=""RBG7FOX78AKAYR7YV1""","=""FTV2L6Z9AJVXEWJZYT""",Coral Works LLP,"=""Coral Works LLP""",23-01-2026 01-00-00 Internet Banking,296.85,,49507.82
2026/01/23,2026/01/23,Favara Debit,"=""RBVGR38YC04YCHLQKJ""","=""FT0WMPE952370ARUVK""",My Other Bank Account,"=""My Other Bank Account""",23-01-2026 17-00-00 Favara,350.02,,49157.80
2026/01/24,2026/01/24,Favara Credit,"=""RBFUZH7OV49N26ZR8L""","=""FTPMMQXEZFTAZJKQ6K""",My Other Bank Account,"=""My Other Bank Account""",24-01-2026 09-00-00 Favara,,403.19,49560.99
2026/01/25,2026/01/25,Purchase,"=""RBJC1GKSY9QXPIJRST""","=""FTGT8D8YYMYZB068LX""",25-01-2026,"=""Coral Cafe""",25-01-2026 01-00-00,456.36,,49104.63
2026/01/25,2026/01/25,Purchase,"=""RBD6PGQUI8ET1F9H14""","=""FTHWI3T3PFSYTYQZVX""",25-01-2026,"=""Avas Ride""",25-01-2026 17-00-00,33.00,,49071.63
2026/01/26,2026/01/26,Purchase,"=""RBUKB6ZVP8DG1MXCUJ""","=""FTUK9WYFEGBE8O0CCL""",26-01-2026,"=""AliExpress""",26-01-2026 09-00-00,86.17,,48985.46
2026/01/27,2026/01/27,Purchase,"=""RBYMLF2G0LTXBR80LI""","=""FTJIIIIVV2DCM7INNR""",27-01-2026,"=""MPGOOGLE Google One""",27-01-2026 01-00-00,139.34,,48846.12
2026/01/27,2026/01/27,Bill Payment,"=""RB6TZZ3LMR1JHOSJ6F""","=""FT8ELJRD1ZCKCV7RFN""",27-01-2026,"=""Dhiraagu BILLPAY""",27-01-2026 17-00-00,192.51,,48653.61
2026/01/28,2026/01/28,Salary,"=""RBL5GLA4G2S2Y1EEF6""","=""FTEXH9C46XU64L1LMG""",Synthetic Employer Pvt Ltd,"=""Synthetic Employer Pvt Ltd""",28-01-2026 09-00-00,,13880.00,62533.61
2026/01/29,2026/01/29,ATM Withdrawal,"=""RBZRS3RWRDKVRDN9B9""","=""FTSEHTK32YA5BNTOQR""",ATM Cash Withdrawal,"=""ATM Cash Withdrawal""",29-01-2026 01-00-00,298.85,,62234.76
2026/01/29,2026/01/29,Credit Card Payment,"=""RB6XEKXM1K5ZU7S7A7""","=""FTTC76DWB4MD5TKE2N""",BML Credit Card Payment,"=""BML Credit Card Payment""",29-01-2026 17-00-00,352.02,,61882.74
2026/01/30,2026/01/30,Favara Debit,"=""RBK61P2PQZGMI7QRYD""","=""FTLCHGA5IK6DL2BR5K""",Fathimath Leeza,"=""Fathimath Leeza""",30-01-2026 09-00-00 Favara,405.19,,61477.55
2026/01/31,2026/01/31,Transfer Debit,"=""RBNMWZ6F4KVXK7K9PH""","=""FTEBBCVDYDNCK7C89Q""",Ahmed Rasheed,"=""Ahmed Rasheed""",31-01-2026 01-00-00 Internet Banking,458.36,,61019.19
2026/01/31,2026/01/31,Favara Debit,"=""RBYDIJ6YVMWWNUI2TB""","=""FT0EUEK6GJNDNVJSVY""",Hussain Shafeeq,"=""Hussain Shafeeq""",31-01-2026 17-00-00 Favara,35.00,,60984.19
2026/02/01,2026/02/01,Favara Credit,"=""RBHIAM6BCZA85F7OSM""","=""FT7TBN0YE1VUV57YT8""",Freelance Client 3,"=""Freelance Client 3""",01-02-2026 09-00-00 Favara,,88.17,61072.36
2026/02/02,2026/02/02,Favara Credit,"=""RB7Y56COZ5AOYOTZ6X""","=""FT5LG1X0DLHLIE8TNG""",Ahmed Rasheed,"=""Ahmed Rasheed""",02-02-2026 01-00-00 Favara,,141.34,61213.70
2026/02/02,2026/02/02,Transfer Credit,"=""RBSJGYU2ZZ0W5K26SW""","=""FTY7IHKQ7Z0NZRPYKG""",Fathimath Leeza,"=""Fathimath Leeza""",02-02-2026 17-00-00 Internet Banking,,194.51,61408.21
2026/02/03,2026/02/03,Transfer Debit,"=""RBG8793HV1XNIS8WJO""","=""FTM7C9KY3HCXCCVDQQ""",Digitopia Pvt Ltd,"=""Digitopia Pvt Ltd""",03-02-2026 09-00-00 Internet Banking,247.68,,61160.53
2026/02/04,2026/02/04,Favara Debit,"=""RBQT0U5PSWSRMWOE2I""","=""FT7RKMB38M3P04RYM7""",My Other Bank Account,"=""My Other Bank Account""",04-02-2026 01-00-00 Favara,300.85,,60859.68
2026/02/04,2026/02/04,Favara Credit,"=""RBR42NOFA16X2WFI5M""","=""FTXJNLYMUZW04HBZ3W""",My Other Bank Account,"=""My Other Bank Account""",04-02-2026 17-00-00 Favara,,354.02,61213.70
2026/02/05,2026/02/05,Purchase,"=""RB1GL483UXMH0Y8NCI""","=""FTP6VI4NSHGFCVMHAW""",05-02-2026,"=""Red Banana""",05-02-2026 09-00-00,407.19,,60806.51
2026/02/06,2026/02/06,Purchase,"=""RB1K2F5E6169129E56""","=""FTYT68DOG4KYIKJJV8""",06-02-2026,"=""Avas Ride""",06-02-2026 01-00-00,460.36,,60346.15
2026/02/06,2026/02/06,Purchase,"=""RBB77QOOTFRFW1V4ZB""","=""FT7WMRVHL77V2ZEIOD""",06-02-2026,"=""AliExpress""",06-02-2026 17-00-00,37.00,,60309.15
2026/02/07,2026/02/07,Purchase,"=""RBBTE8OMHBBG1GTG46""","=""FTR9VBHBQM2RK3W8AC""",07-02-2026,"=""MPGOOGLE YouTube Premium""",07-02-2026 09-00-00,90.17,,60218.98
2026/02/08,2026/02/08,Bill Payment,"=""RBKG8IHPFTVWHYDCH0""","=""FTCSEEFYXVB6NRD58T""",08-02-2026,"=""STELCO BILLPAY""",08-02-2026 01-00-00,143.34,,60075.64
2026/02/08,2026/02/08,Salary,"=""RBVYPY6YQZUBS6H8UG""","=""FTHLE3O56ELG2R4YZG""",Synthetic Employer Pvt Ltd,"=""Synthetic Employer Pvt Ltd""",08-02-2026 17-00-00,,10529.00,70604.64
2026/02/09,2026/02/09,ATM Withdrawal,"=""RBNK52FH7432DIUD7H""","=""FTYPNBAY2PJTE6Z0NP""",ATM Cash Withdrawal,"=""ATM Cash Withdrawal""",09-02-2026 09-00-00,249.68,,70354.96
2026/02/10,2026/02/10,Credit Card Payment,"=""RBFM6HARAOE0E82I9B""","=""FTL44FXXMD7DD140ZD""",BML Credit Card Payment,"=""BML Credit Card Payment""",10-02-2026 01-00-00,302.85,,70052.11
2026/02/10,2026/02/10,Favara Debit,"=""RBR12WRHQA5854ODB0""","=""FTGXV5EJOET4F0T6SP""",Ahmed Rasheed,"=""Ahmed Rasheed""",10-02-2026 17-00-00 Favara,356.02,,69696.09
2026/02/11,2026/02/11,Transfer Debit,"=""RB23I0BOGPUBOHIHCK""","=""FT1MP7J114M30F4V61""",Hussain Shafeeq,"=""Hussain Shafeeq""",11-02-2026 09-00-00 Internet Banking,409.19,,69286.90
2026/02/12,2026/02/12,Favara Debit,"=""RB9RSUCDGPK9DRMX97""","=""FTBW9PXI9JGA3PRVA4""",Ali Shaheed,"=""Ali Shaheed""",12-02-2026 01-00-00 Favara,462.36,,68824.54
2026/02/12,2026/02/12,Favara Credit,"=""RBM98QBTUQMKIFBRUQ""","=""FTOBFLHSODZ7PR0PT1""",Freelance Client 4,"=""Freelance Client 4""",12-02-2026 17-00-00 Favara,,39.00,68863.54
2026/02/13,2026/02/13,Favara Credit,"=""RBWZ1LCG5LF8WYY94Y""","=""FTPRUE3IUOUQQMQP1W""",Hussain Shafeeq,"=""Hussain Shafeeq""",13-02-2026 09-00-00 Favara,,92.17,68955.71
2026/02/14,2026/02/14,Transfer Credit,"=""RBGPQ3V0F365MLE0L2""","=""FT24DPEX2QQP5FPZAL""",Ahmed Rasheed,"=""Ahmed Rasheed""",14-02-2026 01-00-00 Internet Banking,,145.34,69101.05
2026/02/14,2026/02/14,Transfer Debit,"=""RBLVVC2WBKVV2NBCMM""","=""FT3OEE80RI03NVPFNM""",Echbees LLP,"=""Echbees LLP""",14-02-2026 17-00-00 Internet Banking,198.51,,68902.54
2026/02/15,2026/02/15,Favara Debit,"=""RBPILGCUA05Q480QYD""","=""FTASBL2N3OL88NLJ4Z""",My Other Bank Account,"=""My Other Bank Account""",15-02-2026 09-00-00 Favara,251.68,,68650.86
2026/02/16,2026/02/16,Favara Credit,"=""RBQCY7FA43IBFFMNDO""","=""FTP69V0CUPBPQ08H8X""",My Other Bank Account,"=""My Other Bank Account""",16-02-2026 01-00-00 Favara,,304.85,68955.71
2026/02/16,2026/02/16,Purchase,"=""RBAU01JD7VCF4T1EKD""","=""FTQV8MF176R1GR2R6J""",16-02-2026,"=""Villa Mart""",16-02-2026 17-00-00,358.02,,68597.69
2026/02/17,2026/02/17,Purchase,"=""RBYLDFUG525FU4G0ZO""","=""FT0N20EU5DA1AX2K6W""",17-02-2026,"=""Avas Ride""",17-02-2026 09-00-00,411.19,,68186.50
2026/02/18,2026/02/18,Purchase,"=""RBV8NENT13HHKVR5IQ""","=""FTJLS60Z863M59DNDL""",18-02-2026,"=""AliExpress""",18-02-2026 01-00-00,464.36,,67722.14
2026/02/18,2026/02/18,Purchase,"=""RBDC8EXQ05E742HIRY""","=""FTM446F1QPYZVCDHS1""",18-02-2026,"=""MPGOOGLE Google One""",18-02-2026 17-00-00,41.00,,67681.14
2026/02/19,2026/02/19,Bill Payment,"=""RBYCVY4P6TQSC3NHOC""","=""FTE96NVW9QF73LRJB6""",19-02-2026,"=""Dhiraagu BILLPAY""",19-02-2026 09-00-00,94.17,,67586.97
2026/02/20,2026/02/20,Salary,"=""RBFDWC0V0RBRMGTOH4""","=""FTT2VQ8N1LUADTNZKR""",Synthetic Employer Pvt Ltd,"=""Synthetic Employer Pvt Ltd""",20-02-2026 01-00-00,,12178.00,79764.97
2026/02/20,2026/02/20,ATM Withdrawal,"=""RBGPH2SQFBG990WSYF""","=""FTQVETF8QNL8C1824U""",ATM Cash Withdrawal,"=""ATM Cash Withdrawal""",20-02-2026 17-00-00,200.51,,79564.46
2026/02/21,2026/02/21,Credit Card Payment,"=""RBDIRKJCU36WV17DKH""","=""FTOZV1R4M6B9PG11QR""",BML Credit Card Payment,"=""BML Credit Card Payment""",21-02-2026 09-00-00,253.68,,79310.78
2026/02/22,2026/02/22,Favara Debit,"=""RBUPPTGRAF2O3QX27Z""","=""FTMJ7FEJZSHZSWI9JB""",Hussain Shafeeq,"=""Hussain Shafeeq""",22-02-2026 01-00-00 Favara,306.85,,79003.93
2026/02/22,2026/02/22,Transfer Debit,"=""RB812S0W5PWJ82YCIE""","=""FTO50NUWM7I8EDP8DS""",Ali Shaheed,"=""Ali Shaheed""",22-02-2026 17-00-00 Internet Banking,360.02,,78643.91
2026/02/23,2026/02/23,Favara Debit,"=""RB32NG3Z2WCQHVAQKJ""","=""FTMRKPAXWAFX3DK6F1""",Mariyam Naaz,"=""Mariyam Naaz""",23-02-2026 09-00-00 Favara,413.19,,78230.72
2026/02/24,2026/02/24,Favara Credit,"=""RBYM0FYW2QRRCWTXRX""","=""FT8I8GYY3AH3J325QA""",Freelance Client 1,"=""Freelance Client 1""",24-02-2026 01-00-00 Favara,,466.36,78697.08
2026/02/24,2026/02/24,Favara Credit,"=""RB2V4E94FJF7XPNTTU""","=""FT6A0CKUKBX5784XKE""",Ali Shaheed,"=""Ali Shaheed""",24-02-2026 17-00-00 Favara,,43.00,78740.08
2026/02/25,2026/02/25,Transfer Credit,"=""RBGDJY447TG241SF6N""","=""FTKWHDAV5NQ6HV8F6I""",Hussain Shafeeq,"=""Hussain Shafeeq""",25-02-2026 09-00-00 Internet Banking,,96.17,78836.25
2026/02/26,2026/02/26,Transfer Debit,"=""RB0BC1X1S0J56VDQC3""","=""FTBVZMXD4BBIUYQH15""",Coral Works LLP,"=""Coral Works LLP""",26-02-2026 01-00-00 Internet Banking,149.34,,78686.91
2026/02/26,2026/02/26,Favara Debit,"=""RBMLCKPIZHA65T1CP5""","=""FTY0CNM9EIMJ7ZH4CD""",My Other Bank Account,"=""My Other Bank Account""",26-02-2026 17-00-00 Favara,202.51,,78484.40
2026/02/27,2026/02/27,Favara Credit,"=""RB7FDWNUVX3515PRJ8""","=""FT8ZMAK0SUGE9C6S9U""",My Other Bank Account,"=""My Other Bank Account""",27-02-2026 09-00-00 Favara,,255.68,78740.08
2026/02/28,2026/02/28,Purchase,"=""RBGH9ODA0ZJD9TKHJH""","=""FTINP4966IWICVJBDX""",28-02-2026,"=""Coral Cafe""",28-02-2026 01-00-00,308.85,,78431.23
2026/02/28,2026/02/28,Purchase,"=""RB9P4TEINVUP6Z5V83""","=""FTEVB0UYS2SKTWRTOC""",28-02-2026,"=""Avas Ride""",28-02-2026 17-00-00,362.02,,78069.21
2026/03/01,2026/03/01,Purchase,"=""RBIEN0GUGM15VBG6T0""","=""FTMB0FP2NI7FX2O5MR""",01-03-2026,"=""AliExpress""",01-03-2026 09-00-00,415.19,,77654.02
2026/03/02,2026/03/02,Purchase,"=""RBDTWRQLAMBANGTGJ4""","=""FTPASH884QZR7XOS4G""",02-03-2026,"=""MPGOOGLE YouTube Premium""",02-03-2026 01-00-00,468.36,,77185.66
2026/03/02,2026/03/02,Bill Payment,"=""RB0G8IVSP8ZD6W9DG6""","=""FTF0TI3QPMEI1MV95R""",02-03-2026,"=""STELCO BILLPAY""",02-03-2026 17-00-00,45.00,,77140.66
2026/03/03,2026/03/03,Salary,"=""RB5LAOK6FG7V3VTPPH""","=""FTXDOOMXIGT3UGANQ1""",Synthetic Employer Pvt Ltd,"=""Synthetic Employer Pvt Ltd""",03-03-2026 09-00-00,,13827.00,90967.66
2026/03/04,2026/03/04,ATM Withdrawal,"=""RBX4LY5U60OL4UISFH""","=""FTMZW8NJKICSR994GE""",ATM Cash Withdrawal,"=""ATM Cash Withdrawal""",04-03-2026 01-00-00,151.34,,90816.32
2026/03/04,2026/03/04,Credit Card Payment,"=""RBTMT69MNHNGI1H71P""","=""FT3KJ8BDXPPM3Y4BLJ""",BML Credit Card Payment,"=""BML Credit Card Payment""",04-03-2026 17-00-00,204.51,,90611.81
2026/03/05,2026/03/05,Favara Debit,"=""RB4QK2J8C0WXKH7OVE""","=""FTHYIU7VT6LLSXOVF4""",Ali Shaheed,"=""Ali Shaheed""",05-03-2026 09-00-00 Favara,257.68,,90354.13
2026/03/06,2026/03/06,Transfer Debit,"=""RBQCDF8PE2Q1AO356Q""","=""FTLCN8PA8EYY34FGV9""",Mariyam Naaz,"=""Mariyam Naaz""",06-03-2026 01-00-00 Internet Banking,310.85,,90043.28
2026/03/06,2026/03/06,Favara Debit,"=""RBLV4K54X3VXIDS83M""","=""FTVN63XM29JJ8S2F52""",Fathimath Leeza,"=""Fathimath Leeza""",06-03-2026 17-00-00 Favara,364.02,,89679.26
2026/03/07,2026/03/07,Favara Credit,"=""RBUR9BPPYQ3AZRH9RH""","=""FT0VPVGTV46HDD9MMK""",Freelance Client 2,"=""Freelance Client 2""",07-03-2026 09-00-00 Favara,,417.19,90096.45
2026/03/08,2026/03/08,Favara Credit,"=""RBW0X2G89QPAKS4K5O""","=""FT0NH73ZG7JO5N5JAC""",Mariyam Naaz,"=""Mariyam Naaz""",08-03-2026 01-00-00 Favara,,470.36,90566.81
2026/03/08,2026/03/08,Transfer Credit,"=""RBBYF9QURYSARCD0CD""","=""FTIL827FI3JTDDFKBH""",Ali Shaheed,"=""Ali Shaheed""",08-03-2026 17-00-00 Internet Banking,,47.00,90613.81
2026/03/09,2026/03/09,Transfer Debit,"=""RBQBUZDZLIOT5QBRTS""","=""FTR9WH0LLMO40NB8HI""",Digitopia Pvt Ltd,"=""Digitopia Pvt Ltd""",09-03-2026 09-00-00 Internet Banking,100.17,,90513.64
2026/03/10,2026/03/10,Favara Debit,"=""RBDBHG2KWNV7Y7R84N""","=""FT4LPR4XK6IGK40I4D""",My Other Bank Account,"=""My Other Bank Account""",10-03-2026 01-00-00 Favara,153.34,,90360.30
2026/03/10,2026/03/10,Favara Credit,"=""RBUPA0PAB5B0RR0CQ6""","=""FT9TCZ4ZWL83QHU7B8""",My Other Bank Account,"=""My Other Bank Account""",10-03-2026 17-00-00 Favara,,206.51,90566.81
2026/03/11,2026/03/11,Purchase,"=""RBHEGK87NW78CAP83W""","=""FT94ZZ5LLREV5TEG2H""",11-03-2026,"=""Red Banana""",11-03-2026 09-00-00,259.68,,90307.13
2026/03/12,2026/03/12,Purchase,"=""RBD5VMRXH1JCE1EJ1C""","=""FTIQSBTNX0FFIGFAAR""",12-03-2026,"=""Avas Ride""",12-03-2026 01-00-00,312.85,,89994.28
2026/03/12,2026/03/12,Purchase,"=""RB6WBZUO8KZ4ODYK0Y""","=""FTDVO0I7R310GJ7JIA""",12-03-2026,"=""AliExpress""",12-03-2026 17-00-00,366.02,,89628.26
2026/03/13,2026/03/13,Purchase,"=""RBKGTUAHO0B2LBTEOY""","=""FTRQL9Z3GL50CSW0SR""",13-03-2026,"=""MPGOOGLE Google One""",13-03-2026 09-00-00,419.19,,89209.07
2026/03/14,2026/03/14,Bill Payment,"=""RB52G2TLJ4GJUKGS5J""","=""FTSXP252ZC7IMOVTQJ""",14-03-2026,"=""Dhiraagu BILLPAY""",14-03-2026 01-00-00,472.36,,88736.71
2026/03/14,2026/03/14,Salary,"=""RBB1V7EMYYPXOXIW6V""","=""FTE2Z7Z4HRW091LHU3""",Synthetic Employer Pvt Ltd,"=""Synthetic Employer Pvt Ltd""",14-03-2026 17-00-00,,10476.00,99212.71
2026/03/15,2026/03/15,ATM Withdrawal,"=""RB5SQIVQLP96OV3L3Z""","=""FTJMA3BIWP7GX1GY6B""",ATM Cash Withdrawal,"=""ATM Cash Withdrawal""",15-03-2026 09-00-00,102.17,,99110.54
2026/03/16,2026/03/16,Credit Card Payment,"=""RBV2307Y3S7G2IC7PB""","=""FT6H6NZ4J4IXW3M6DJ""",BML Credit Card Payment,"=""BML Credit Card Payment""",16-03-2026 01-00-00,155.34,,98955.20
2026/03/16,2026/03/16,Favara Debit,"=""RBBMIGGUZO54NW46QG""","=""FT0GZ1E3M7X4FIHOTA""",Mariyam Naaz,"=""Mariyam Naaz""",16-03-2026 17-00-00 Favara,208.51,,98746.69
2026/03/17,2026/03/17,Transfer Debit,"=""RBWVT5NN09989Q3P1Y""","=""FTJBBR68ATDES06GJL""",Fathimath Leeza,"=""Fathimath Leeza""",17-03-2026 09-00-00 Internet Banking,261.68,,98485.01
2026/03/18,2026/03/18,Favara Debit,"=""RBJG6XG0DFVKL8YV9W""","=""FTA7B01VG0M7QMYJR1""",Ahmed Rasheed,"=""Ahmed Rasheed""",18-03-2026 01-00-00 Favara,314.85,,98170.16
2026/03/18,2026/03/18,Favara Credit,"=""RBL1HIUNJ35PHV92CR""","=""FTR126ZPI5A3UO6FDY""",Freelance Client 3,"=""Freelance Client 3""",18-03-2026 17-00-00 Favara,,368.02,98538.18
2026/03/19,2026/03/19,Favara Credit,"=""RBPI8PE07RCRFAMHP2""","=""FTWX4HJJ7A7023SO0I""",Fathimath Leeza,"=""Fathimath Leeza""",19-03-2026 09-00-00 Favara,,421.19,98959.37
2026/03/20,2026/03/20,Transfer Credit,"=""RB890E99IZ50GS5GP3""","=""FTSI7XDZGCMRKK0ZS2""",Mariyam Naaz,"=""Mariyam Naaz""",20-03-2026 01-00-00 Internet Banking,,474.36,99433.73
2026/03/20,2026/03/20,Transfer Debit,"=""RBB8OH56DZ1JAOOWMV""","=""FTQCPCBPMGD0O6JDHS""",Echbees LLP,"=""Echbees LLP""",20-03-2026 17-00-00 Internet Banking,51.00,,99382.73
2026/03/21,2026/03/21,Favara Debit,"=""RBR4C165GTL0PWM3WU""","=""FTK3PFHQLGA470L3AG""",My Other Bank Account,"=""My Other Bank Account""",21-03-2026 09-00-00 Favara,104.17,,99278.56
2026/03/22,2026/03/22,Favara Credit,"=""RBSVVIDFMU2XLQVXQE""","=""FTIF9L4O0Y4UX5KGCW""",My Other Bank Account,"=""My Other Bank Account""",22-03-2026 01-00-00 Favara,,157.34,99435.90
2026/03/22,2026/03/22,Purchase,"=""RBNF63EXPMNB2G6M4B""","=""FTBIVNCYSPFI0V26DU""",22-03-2026,"=""Villa Mart""",22-03-2026 17-00-00,210.51,,99225.39
2026/03/23,2026/03/23,Purchase,"=""RBW1MEAS5PKK3DYS95""","=""FTYW0UVU9O0HGNU6YO""",23-03-2026,"=""Avas Ride""",23-03-2026 09-00-00,263.68,,98961.71
2026/03/24,2026/03/24,Purchase,"=""RB95HDG4I2YT9WQ797""","=""FT06E83P4FVRMADLFO""",24-03-2026,"=""AliExpress""",24-03-2026 01-00-00,316.85,,98644.86
2026/03/24,2026/03/24,Purchase,"=""RBTOFKZNH3XQXA6JMJ""","=""FTC29Q16AMY0Y2NG3Z""",24-03-2026,"=""MPGOOGLE YouTube Premium""",24-03-2026 17-00-00,370.02,,98274.84
2026/03/25,2026/03/25,Bill Payment,"=""RB7KUKYEPNI10QTH82""","=""FTEPEME7BOP181Z94T""",25-03-2026,"=""STELCO BILLPAY""",25-03-2026 09-00-00,423.19,,97851.65
2026/03/26,2026/03/26,Salary,"=""RBTA2WNDRXWCGJQ84J""","=""FT5SC1ON3D2XU76KUG""",Synthetic Employer Pvt Ltd,"=""Synthetic Employer Pvt Ltd""",26-03-2026 01-00-00,,12125.00,109976.65
2026/03/26,2026/03/26,ATM Withdrawal,"=""RBMXI6V5LIZNI0IELM""","=""FTTOI596FSC5ZGRO0K""",ATM Cash Withdrawal,"=""ATM Cash Withdrawal""",26-03-2026 17-00-00,53.00,,109923.65
2026/03/27,2026/03/27,Credit Card Payment,"=""RBL1ZPS4YUG32VF8YR""","=""FT5JSIOMW1MV5XR0H0""",BML Credit Card Payment,"=""BML Credit Card Payment""",27-03-2026 09-00-00,106.17,,109817.48
2026/03/28,2026/03/28,Favara Debit,"=""RBWY9O1IH5LBNGFUE3""","=""FT9M60BYF50KYVSOAW""",Fathimath Leeza,"=""Fathimath Leeza""",28-03-2026 01-00-00 Favara,159.34,,109658.14
2026/03/28,2026/03/28,Transfer Debit,"=""RBDPHOCO8PC5KOEH2Q""","=""FTTDNZQVJLYML0MA4L""",Ahmed Rasheed,"=""Ahmed Rasheed""",28-03-2026 17-00-00 Internet Banking,212.51,,109445.63
2026/03/29,2026/03/29,Favara Debit,"=""RBKF8JETSTU34GGYVC""","=""FTAFZVS8IX9I5MM6EN""",Hussain Shafeeq,"=""Hussain Shafeeq""",29-03-2026 09-00-00 Favara,265.68,,109179.95
2026/03/30,2026/03/30,Favara Credit,"=""RBLEWHUFONOTKV5PT8""","=""FTVNYCE14EXYGKNJJS""",Freelance Client 4,"=""Freelance Client 4""",30-03-2026 01-00-00 Favara,,318.85,109498.80
2026/03/30,2026/03/30,Favara Credit,"=""RBBK6GRXJTENGMKUEA""","=""FTUWA7DDQ8CQPDI40O""",Ahmed Rasheed,"=""Ahmed Rasheed""",30-03-2026 17-00-00 Favara,,372.02,109870.82
2026/03/31,2026/03/31,Transfer Credit,"=""RB2P6O19F2RTR393FF""","=""FT9IH2G8HAMUR3YX5I""",Fathimath Leeza,"=""Fathimath Leeza""",31-03-2026 09-00-00 Internet Banking,,425.19,110296.01
2026/04/01,2026/04/01,Transfer Debit,"=""RB1P4NUBLRFRT3WMKQ""","=""FTEPJOFOLBGWZ5IMHP""",Coral Works LLP,"=""Coral Works LLP""",01-04-2026 01-00-00 Internet Banking,478.36,,109817.65
2026/04/01,2026/04/01,Favara Debit,"=""RBM2QJE7I7FNOHTK95""","=""FTNEVGFPFKBJNUR91B""",My Other Bank Account,"=""My Other Bank Account""",01-04-2026 17-00-00 Favara,55.00,,109762.65
2026/04/02,2026/04/02,Favara Credit,"=""RB2THRJVE8NIEP1CYR""","=""FTCW7EYISQYED7HMHK""",My Other Bank Account,"=""My Other Bank Account""",02-04-2026 09-00-00 Favara,,108.17,109870.82
2026/04/03,2026/04/03,Purchase,"=""RBYPK5BWHW1H2YY4ZL""","=""FTTMPGQHAICDR7518C""",03-04-2026,"=""Coral Cafe""",03-04-2026 01-00-00,161.34,,109709.48
2026/04/03,2026/04/03,Purchase,"=""RBGXA0Z7M0UR8I1AWH""","=""FTUUFDECKUQ1HS0YIG""",03-04-2026,"=""Avas Ride""",03-04-2026 17-00-00,214.51,,109494.97
2026/04/04,2026/04/04,Purchase,"=""RBUSDP161G7AANAHJX""","=""FTRKYWSN3CTEPM7US7""",04-04-2026,"=""AliExpress""",04-04-2026 09-00-00,267.68,,109227.29
2026/04/05,2026/04/05,Purchase,"=""RB4K5RF15UT990U1JF""","=""FT607DBPQCTNAS9FSC""",05-04-2026,"=""MPGOOGLE Google One""",05-04-2026 01-00-00,320.85,,108906.44
2026/04/05,2026/04/05,Bill Payment,"=""RB198WJM9QA5VUYFTG""","=""FTSZZQT3DBCBALCUXK""",05-04-2026,"=""Dhiraagu BILLPAY""",05-04-2026 17-00-00,374.02,,108532.42
2026/04/06,2026/04/06,Salary,"=""RBQGA64414XSPC0JV8""","=""FT7PFS3OHVUQFQHQJE""",Synthetic Employer Pvt Ltd,"=""Synthetic Employer Pvt Ltd""",06-04-2026 09-00-00,,13774.00,122306.42
2026/04/07,2026/04/07,ATM Withdrawal,"=""RBG0PQNQSCN2NEI3IG""","=""FTP7E3BNJ8F5CY7HYZ""",ATM Cash Withdrawal,"=""ATM Cash Withdrawal""",07-04-2026 01-00-00,480.36,,121826.06
2026/04/07,2026/04/07,Credit Card Payment,"=""RBYFTUBGDVZASJ5OXX""","=""FTCM6G99D0G49OK9OH""",BML Credit Card Payment,"=""BML Credit Card Payment""",07-04-2026 17-00-00,57.00,,121769.06
2026/04/08,2026/04/08,Favara Debit,"=""RB6Z1MAL9VR4BLP0ZW""","=""FTENX7MEGO42KC0SBH""",Ahmed Rasheed,"=""Ahmed Rasheed""",08-04-2026 09-00-00 Favara,110.17,,121658.89
2026/04/09,2026/04/09,Transfer Debit,"=""RBQ66K78ZW5MELY7AG""","=""FTSA1B8U34A2ZSTHWU""",Hussain Shafeeq,"=""Hussain Shafeeq""",09-04-2026 01-00-00 Internet Banking,163.34,,121495.55
2026/04/09,2026/04/09,Favara Debit,"=""RBEPOY5CYYO8DK6YB2""","=""FTXRZ3R44DXOY0DQR9""",Ali Shaheed,"=""Ali Shaheed""",09-04-2026 17-00-00 Favara,216.51,,121279.04
2026/04/10,2026/04/10,Favara Credit,"=""RBFTUC6QFXEZCOPWK4""","=""FTLXNELTXRT2XDR27I""",Freelance Client 1,"=""Freelance Client 1""",10-04-2026 09-00-00 Favara,,269.68,121548.72
2026/04/11,2026/04/11,Favara Credit,"=""RBRUW3I8TIQIH2HSBN""","=""FTCZ61Y0CZTKLE0LC7""",Hussain Shafeeq,"=""Hussain Shafeeq""",11-04-2026 01-00-00 Favara,,322.85,121871.57
2026/04/11,2026/04/11,Transfer Credit,"=""RBD3KNVMCDLKLM06WW""","=""FT7HY09C2CUX4S7FWX""",Ahmed Rasheed,"=""Ahmed Rasheed""",11-04-2026 17-00-00 Internet Banking,,376.02,122247.59
2026/04/12,2026/04/12,Transfer Debit,"=""RBYEVSKWVDOATE7DTI""","=""FTVK9FHNYXATDFOMH5""",Digitopia Pvt Ltd,"=""Digitopia Pvt Ltd""",12-04-2026 09-00-00 Internet Banking,429.19,,121818.40
2026/04/13,2026/04/13,Favara Debit,"=""RBML3SWRH8S1IRZZDP""","=""FTC50PZ9DWW5TFR03J""",My Other Bank Account,"=""My Other Bank Account""",13-04-2026 01-00-00 Favara,482.36,,121336.04
2026/04/13,2026/04/13,Favara Credit,"=""RBIINND7MVG0JICYJQ""","=""FTYY5BH7PMK50HUEW8""",My Other Bank Account,"=""My Other Bank Account""",13-04-2026 17-00-00 Favara,,59.00,121395.04
2026/04/14,2026/04/14,Purchase,"=""RBZT7UEF7OJWT1GZ0A""","=""FT1OC1U52AOP5L8UBL""",14-04-2026,"=""Red Banana""",14-04-2026 09-00-00,112.17,,121282.87
2026/04/15,2026/04/15,Purchase,"=""RBB2PTPEV8IVCVX1Y7""","=""FT95GOF6EU3HPZTN7O""",15-04-2026,"=""Avas Ride""",15-04-2026 01-00-00,165.34,,121117.53
2026/04/15,2026/04/15,Purchase,"=""RBFQ3SI0I1ZO323ZAF""","=""FTLY31K8Y6S1BPC7L3""",15-04-2026,"=""AliExpress""",15-04-2026 17-00-00,218.51,,120899.02
2026/04/16,2026/04/16,Purchase,"=""RBCOFWW1YD53YHBMUU""","=""FTEGJA41OEYLKL1ABD""",16-04-2026,"=""MPGOOGLE YouTube Premium""",16-04-2026 09-00-00,271.68,,120627.34
2026/04/17,2026/04/17,Bill Payment,"=""RB88ZPWDD4DTITP7T7""","=""FTH7SD0UU7O9N8ZUEQ""",17-04-2026,"=""STELCO BILLPAY""",17-04-2026 01-00-00,324.85,,120302.49
2026/04/17,2026/04/17,Salary,"=""RBA99RG5KYAA67I46T""","=""FTSPC6OSOZFX91QS6B""",Synthetic Employer Pvt Ltd,"=""Synthetic Employer Pvt Ltd""",17-04-2026 17-00-00,,10423.00,130725.49
2026/04/18,2026/04/18,ATM Withdrawal,"=""RBAFV0VY85U577FOPW""","=""FT4C9295CJ3CE5QYYA""",ATM Cash Withdrawal,"=""ATM Cash Withdrawal""",18-04-2026 09-00-00,431.19,,130294.30
2026/04/19,2026/04/19,Credit Card Payment,"=""RB6IZ4950YZFNIAQGF""","=""FTVMQLAM5YHJL3FS2D""",BML Credit Card Payment,"=""BML Credit Card Payment""",19-04-2026 01-00-00,484.36,,129809.94
2026/04/19,2026/04/19,Favara Debit,"=""RB18T6PEXX8IW7NK66""","=""FT7MBTGUV89AFRZI4T""",Hussain Shafeeq,"=""Hussain Shafeeq""",19-04-2026 17-00-00 Favara,61.00,,129748.94
2026/04/20,2026/04/20,Transfer Debit,"=""RBRAAUSFVJ0LAY5DFJ""","=""FT8T6GAS73CXAEG379""",Ali Shaheed,"=""Ali Shaheed""",20-04-2026 09-00-00 Internet Banking,114.17,,129634.77
2026/04/21,2026/04/21,Favara Debit,"=""RB3VCYFE9TM38MSB6R""","=""FTFV5D22EL2JM2CTBX""",Mariyam Naaz,"=""Mariyam Naaz""",21-04-2026 01-00-00 Favara,167.34,,129467.43
2026/04/21,2026/04/21,Favara Credit,"=""RB13W6T2PYRN3ERNN6""","=""FT1PDAJMIAKQX4D2T7""",Freelance Client 2,"=""Freelance Client 2""",21-04-2026 17-00-00 Favara,,220.51,129687.94
2026/04/22,2026/04/22,Favara Credit,"=""RBUMKAZTV3U9XWLR0V""","=""FTYPKXPWCSZKOO4W53""",Ali Shaheed,"=""Ali Shaheed""",22-04-2026 09-00-00 Favara,,273.68,129961.62
2026/04/23,2026/04/23,Transfer Credit,"=""RBISMOX0XEZCNSC2YZ""","=""FTNGEM0YBHRB7GKFYW""",Hussain Shafeeq,"=""Hussain Shafeeq""",23-04-2026 01-00-00 Internet Banking,,326.85,130288.47
2026/04/23,2026/04/23,Transfer Debit,"=""RBYCES4YXBK70WTKX9""","=""FT2YA1AMGRYPDD6KCT""",Echbees LLP,"=""Echbees LLP""",23-04-2026 17-00-00 Internet Banking,380.02,,129908.45
2026/04/24,2026/04/24,Favara Debit,"=""RB6GK16NJLKVPDUNDG""","=""FT48QR3AC1V2NH4C9Y""",My Other Bank Account,"=""My Other Bank Account""",24-04-2026 09-00-00 Favara,433.19,,129475.26
2026/04/25,2026/04/25,Favara Credit,"=""RBMAZLTCARIH0RKJB3""","=""FTAHGX4VZHLKCM38IL""",My Other Bank Account,"=""My Other Bank Account""",25-04-2026 01-00-00 Favara,,486.36,129961.62
2026/04/25,2026/04/25,Purchase,"=""RB16U5122H14YH4TKV""","=""FTCOHL3CWI3XOX13CX""",25-04-2026,"=""Villa Mart""",25-04-2026 17-00-00,63.00,,129898.62
2026/04/26,2026/04/26,Purchase,"=""RBL8X6FGY86XBH4KYE""","=""FT5UI51OGVW2T7V5ES""",26-04-2026,"=""Avas Ride""",26-04-2026 09-00-00,116.17,,129782.45
2026/04/27,2026/04/27,Purchase,"=""RBCHF6KZ4KYQWLD1OT""","=""FTDSRRXZO0LT9UYUDK""",27-04-2026,"=""AliExpress""",27-04-2026 01-00-00,169.34,,129613.11
2026/04/27,2026/04/27,Purchase,"=""RBDPD10U3LETK9M9UU""","=""FTK5WXI4D3YYQJMR6A""",27-04-2026,"=""MPGOOGLE Google One""",27-04-2026 17-00-00,222.51,,129390.60
2026/04/28,2026/04/28,Bill Payment,"=""RB27HRG9C3TWYR6220""","=""FTNIC1UR8BYDX31891""",28-04-2026,"=""Dhiraagu BILLPAY""",28-04-2026 09-00-00,275.68,,129114.92
2026/04/29,2026/04/29,Salary,"=""RBL8OHPU72L98IUASO""","=""FTWV3BM5D8O3QN64AI""",Synthetic Employer Pvt Ltd,"=""Synthetic Employer Pvt Ltd""",29-04-2026 01-00-00,,12072.00,141186.92
2026/04/29,2026/04/29,ATM Withdrawal,"=""RBCTKYWUKAGCGTPGNF""","=""FTY5SG53CYF5TTP0UE""",ATM Cash Withdrawal,"=""ATM Cash Withdrawal""",29-04-2026 17-00-00,382.02,,140804.90
2026/04/30,2026/04/30,Credit Card Payment,"=""RB4Y3MCVPPSDLHKYN0""","=""FT8MT46L43JD1Z2EXU""",BML Credit Card Payment,"=""BML Credit Card Payment""",30-04-2026 09-00-00,435.19,,140369.71
2026/05/01,2026/05/01,Favara Debit,"=""RB8Z07687W1VGYLPIT""","=""FTMT8OF9NG5EAXCILW""",Ali Shaheed,"=""Ali Shaheed""",01-05-2026 01-00-00 Favara,488.36,,139881.35
2026/05/01,2026/05/01,Transfer Debit,"=""RB5YF3WMOL2Z15050G""","=""FTP65JKYHDWQMRH9E9""",Mariyam Naaz,"=""Mariyam Naaz""",01-05-2026 17-00-00 Internet Banking,65.00,,139816.35
2026/05/02,2026/05/02,Favara Debit,"=""RBVMF8OTUDXU0WFBPR""","=""FT2V86ABGSUJ5ZM8MN""",Fathimath Leeza,"=""Fathimath Leeza""",02-05-2026 09-00-00 Favara,118.17,,139698.18
2026/05/03,2026/05/03,Favara Credit,"=""RB3LRY7U93TWPEFMHW""","=""FTO71E3H6IHVU9YRHQ""",Freelance Client 3,"=""Freelance Client 3""",03-05-2026 01-00-00 Favara,,171.34,139869.52
2026/05/03,2026/05/03,Favara Credit,"=""RBV5IJPMXEZP7U60XR""","=""FT8HD5PEABCXVCHSUH""",Mariyam Naaz,"=""Mariyam Naaz""",03-05-2026 17-00-00 Favara,,224.51,140094.03
2026/05/04,2026/05/04,Transfer Credit,"=""RBQR1ERXTK0JOP7OH3""","=""FTBVFQNHLEU4HCSI3Q""",Ali Shaheed,"=""Ali Shaheed""",04-05-2026 09-00-00 Internet Banking,,277.68,140371.71
2026/05/05,2026/05/05,Transfer Debit,"=""RBG0AR6M1ZBQ257LHM""","=""FTFBNXAUQ2SMMM3Q6A""",Coral Works LLP,"=""Coral Works LLP""",05-05-2026 01-00-00 Internet Banking,330.85,,140040.86
2026/05/05,2026/05/05,Favara Debit,"=""RBBPW1RB19KVM5KKHY""","=""FT4VUY7F02AAU0UWV4""",My Other Bank Account,"=""My Other Bank Account""",05-05-2026 17-00-00 Favara,384.02,,139656.84
2026/05/06,2026/05/06,Favara Credit,"=""RBKE61TWXWD5DJYP0X""","=""FTYP4O4VIY8LCXMU1I""",My Other Bank Account,"=""My Other Bank Account""",06-05-2026 09-00-00 Favara,,437.19,140094.03
2026/05/07,2026/05/07,Purchase,"=""RBHLZC2GE0QNTRJ5GS""","=""FT5JQ2RUQ46VN9C8YE""",07-05-2026,"=""Coral Cafe""",07-05-2026 01-00-00,490.36,,139603.67
2026/05/07,2026/05/07,Purchase,"=""RBDF1JSCQNCXZXQP08""","=""FTKI1JW7HNCZUKN35I""",07-05-2026,"=""Avas Ride""",07-05-2026 17-00-00,67.00,,139536.67
2026/05/08,2026/05/08,Purchase,"=""RBF08Z20D34Y1D4K25""","=""FTX759H13FA08U6DIC""",08-05-2026,"=""AliExpress""",08-05-2026 09-00-00,120.17,,139416.50
2026/05/09,2026/05/09,Purchase,"=""RBMUTPVQ8Q4Z3AFJ4K""","=""FT091TEJSD8JE0VEQ6""",09-05-2026,"=""MPGOOGLE YouTube Premium""",09-05-2026 01-00-00,173.34,,139243.16
2026/05/09,2026/05/09,Bill Payment,"=""RBPHH5PLQWPTZSULHU""","=""FTKV5WGEE0937ZSNE8""",09-05-2026,"=""STELCO BILLPAY""",09-05-2026 17-00-00,226.51,,139016.65
2026/05/10,2026/05/10,Salary,"=""RBFEZUAUTWQD6JIMP6""","=""FTTUUTJ7ZT5UXWZAP0""",Synthetic Employer Pvt Ltd,"=""Synthetic Employer Pvt Ltd""",10-05-2026 09-00-00,,13721.00,152737.65
2026/05/11,2026/05/11,ATM Withdrawal,"=""RB159GHULQ1RNUWJMZ""","=""FTCME6T5T4W64PI000""",ATM Cash Withdrawal,"=""ATM Cash Withdrawal""",11-05-2026 01-00-00,332.85,,152404.80
2026/05/11,2026/05/11,Credit Card Payment,"=""RB6T3MRGWSFLLF8XG1""","=""FT040J0B3ABJTXTVJQ""",BML Credit Card Payment,"=""BML Credit Card Payment""",11-05-2026 17-00-00,386.02,,152018.78
2026/05/12,2026/05/12,Favara Debit,"=""RB2DRD0CCDS1M56MCH""","=""FT6XJMCK5JFA45BS01""",Mariyam Naaz,"=""Mariyam Naaz""",12-05-2026 09-00-00 Favara,439.19,,151579.59
2026/05/13,2026/05/13,Transfer Debit,"=""RB8BFR691MT00K4O1R""","=""FTDVD37WCUMH5659S9""",Fathimath Leeza,"=""Fathimath Leeza""",13-05-2026 01-00-00 Internet Banking,492.36,,151087.23
2026/05/13,2026/05/13,Favara Debit,"=""RB9O5LUU55OOZFW6SW""","=""FT840WZ9SAYLDMZ2GQ""",Ahmed Rasheed,"=""Ahmed Rasheed""",13-05-2026 17-00-00 Favara,69.00,,151018.23
2026/05/14,2026/05/14,Favara Credit,"=""RBGRNZLQ39N36UIOD5""","=""FTGTQDTLO4548SJ0JT""",Freelance Client 4,"=""Freelance Client 4""",14-05-2026 09-00-00 Favara,,122.17,151140.40
2026/05/15,2026/05/15,Favara Credit,"=""RBCOCZ16RPQ94T9UB6""","=""FTU6F4TFVRW0GPII07""",Fathimath Leeza,"=""Fathimath Leeza""",15-05-2026 01-00-00 Favara,,175.34,151315.74
2026/05/15,2026/05/15,Transfer Credit,"=""RBCMEAFPD06UYC3NAS""","=""FTJOOA0N5ADD4C8ZIJ""",Mariyam Naaz,"=""Mariyam Naaz""",15-05-2026 17-00-00 Internet Banking,,228.51,151544.25
2026/05/16,2026/05/16,Transfer Debit,"=""RBHBRV8KS9LYKIRRTY""","=""FTCF5KD5E0UOW6LULS""",Digitopia Pvt Ltd,"=""Digitopia Pvt Ltd""",16-05-2026 09-00-00 Internet Banking,281.68,,151262.57
2026/05/17,2026/05/17,Favara Debit,"=""RBRE4VCXV3K54LIJB8""","=""FTXO3R2ARKERKUATY0""",My Other Bank Account,"=""My Other Bank Account""",17-05-2026 01-00-00 Favara,334.85,,150927.72
2026/05/17,2026/05/17,Favara Credit,"=""RBWXWBZS69ITSHQGOA""","=""FT7ADKHXJ9UGC234TK""",My Other Bank Account,"=""My Other Bank Account""",17-05-2026 17-00-00 Favara,,388.02,151315.74
2026/05/18,2026/05/18,Purchase,"=""RBC4A0XVKX7AUJP53Q""","=""FTN8PSK4AFDMSL41KP""",18-05-2026,"=""Red Banana""",18-05-2026 09-00-00,441.19,,150874.55
2026/05/19,2026/05/19,Purchase,"=""RBB8RG8EP8WZYNRGME""","=""FT68WRGYCYM42FALMZ""",19-05-2026,"=""Avas Ride""",19-05-2026 01-00-00,494.36,,150380.19
2026/05/19,2026/05/19,Purchase,"=""RBMQE9Y2UUO5T6859U""","=""FTAV2ON12XD7MOD80Q""",19-05-2026,"=""AliExpress""",19-05-2026 17-00-00,71.00,,150309.19
2026/05/20,2026/05/20,Purchase,"=""RBPFRYJROYEIZEAT14""","=""FT86PL6APVLSQY6Z8O""",20-05-2026,"=""MPGOOGLE Google One""",20-05-2026 09-00-00,124.17,,150185.02
2026/05/21,2026/05/21,Bill Payment,"=""RBC00P8MGJVSOYUKC4""","=""FTC7HRISKI4UAMGDFH""",21-05-2026,"=""Dhiraagu BILLPAY""",21-05-2026 01-00-00,177.34,,150007.68
2026/05/21,2026/05/21,Salary,"=""RBFQ0VV6V9RYN3YQFE""","=""FT977JD0LTRE4T13PQ""",Synthetic Employer Pvt Ltd,"=""Synthetic Employer Pvt Ltd""",21-05-2026 17-00-00,,10370.00,160377.68
2026/02/04,2026/02/04,Favara Debit,"=""RBQT0U5PSWSRMWOE2I""","=""FT7RKMB38M3P04RYM7""",My Other Bank Account,"=""My Other Bank Account""",04-02-2026 01-00-00 Favara,300.85,,60859.68
2026/05/23,2026/05/23,Credit Card Payment,"=""RBQOLLVILDIV2SCQ6I""","=""FT1ZSJ06T2XIO456Q0""",BML Credit Card Payment,"=""BML Credit Card Payment""",23-05-2026 01-00-00,336.85,,160040.83
2026/05/23,2026/05/23,Favara Debit,"=""RBRCQL57YHKFMUYWB8""","=""FTVA1JK6VYC25ULJEZ""",Fathimath Leeza,"=""Fathimath Leeza""",23-05-2026 17-00-00 Favara,390.02,,159650.81
2026/05/24,2026/05/24,Transfer Debit,"=""RB8ORTK0XXXK2W6N4P""","=""FTD0GOWQ6MASPGWI6E""",Ahmed Rasheed,"=""Ahmed Rasheed""",24-05-2026 09-00-00 Internet Banking,443.19,,159207.62
2026/05/25,2026/05/25,Favara Debit,"=""RBRGPN2BCBY2WFERFR""","=""FTDX3UCBFO3GTFH48Q""",Hussain Shafeeq,"=""Hussain Shafeeq""",25-05-2026 01-00-00 Favara,496.36,,158711.26
2026/05/25,2026/05/25,Favara Credit,"=""RBU6ACWV4BTAIIDD0K""","=""FTGKT3TM2MJ11MV9I7""",Freelance Client 1,"=""Freelance Client 1""",25-05-2026 17-00-00 Favara,,73.00,158784.26
2026/05/26,2026/05/26,Favara Credit,"=""RBVNL618AIU1J2388X""","=""FTH8Y6SQWNK7BVYRNR""",Ahmed Rasheed,"=""Ahmed Rasheed""",26-05-2026 09-00-00 Favara,,126.17,158910.43
2026/05/27,2026/05/27,Transfer Credit,"=""RBAKBXFJHD57UED0F5""","=""FTBYKJFCED4XN8PWCX""",Fathimath Leeza,"=""Fathimath Leeza""",27-05-2026 01-00-00 Internet Banking,,179.34,159089.77
2026/05/27,2026/05/27,Transfer Debit,"=""RBHEHYIZQHQOI92BRE""","=""FTA0O9F51AG4573TY5""",Echbees LLP,"=""Echbees LLP""",27-05-2026 17-00-00 Internet Banking,232.51,,158857.26
2026/05/28,2026/05/28,Favara Debit,"=""RB320TJFJV8I2JQM0Y""","=""FTR8AB7VFLDPWLCB0N""",My Other Bank Account,"=""My Other Bank Account""",28-05-2026 09-00-00 Favara,285.68,,158571.58
2026/05/29,2026/05/29,Favara Credit,"=""RBLC0PLU6MG3ACPYTR""","=""FT0LPTPNTO7D41A5S3""",My Other Bank Account,"=""My Other Bank Account""",29-05-2026 01-00-00 Favara,,338.85,158910.43
2026/05/29,2026/05/29,Purchase,"=""RBVJ24XN1FR0D5VVNA""","=""FTM2BJ41S6OX6DD2LT""",29-05-2026,"=""Villa Mart""",29-05-2026 17-00-00,392.02,,158518.41
2026/05/30,2026/05/30,Purchase,"=""RBK4T2VGADKE9HSGPX""","=""FT2A5S1Q9JTB8YXG5Q""",30-05-2026,"=""Avas Ride""",30-05-2026 09-00-00,445.19,,158073.22
2026/05/31,2026/05/31,Purchase,"=""RBF6FTYIE86WNJT7JM""","=""FTAUVKOC8J6B4SN0KT""",31-05-2026,"=""AliExpress""",31-05-2026 01-00-00,498.36,,157574.86
2026/05/31,2026/05/31,Purchase,"=""RB7DFRQPG89MRK1EGQ""","=""FTVDYTCLQ22K0YV26L""",31-05-2026,"=""MPGOOGLE YouTube Premium""",31-05-2026 17-00-00,75.00,,157499.86
2026/06/01,2026/06/01,Bill Payment,"=""RB7QOF0C41JY0LNBKW""","=""FTID4104S1CNCWY4VA""",01-06-2026,"=""STELCO BILLPAY""",01-06-2026 09-00-00,128.17,,157371.69
2026/06/02,2026/06/02,Salary,"=""RBEHZD5NJ2IXCQSMYJ""","=""FTT0AQHUD08U8HP2EU""",Synthetic Employer Pvt Ltd,"=""Synthetic Employer Pvt Ltd""",02-06-2026 01-00-00,,12019.00,169390.69
2026/06/02,2026/06/02,ATM Withdrawal,"=""RBLK2RWACFH2X7BOC1""","=""FTL5XK9IHTIMENARM8""",ATM Cash Withdrawal,"=""ATM Cash Withdrawal""",02-06-2026 17-00-00,234.51,,169156.18
2026/06/03,2026/06/03,Credit Card Payment,"=""RB9AOIUKJCK1UXOK8K""","=""FTU1Z7BS77BMYJZMA3""",BML Credit Card Payment,"=""BML Credit Card Payment""",03-06-2026 09-00-00,287.68,,168868.50
2026/06/04,2026/06/04,Favara Debit,"=""RBN9B8Q59SB3DMBJ4L""","=""FT15SS80S967G76ARU""",Ahmed Rasheed,"=""Ahmed Rasheed""",04-06-2026 01-00-00 Favara,340.85,,168527.65
2026/06/04,2026/06/04,Transfer Debit,"=""RBP895ELJAA7OV2BEA""","=""FTUTN7V4RFF4XHNF6Q""",Hussain Shafeeq,"=""Hussain Shafeeq""",04-06-2026 17-00-00 Internet Banking,394.02,,168133.63
2026/06/05,2026/06/05,Favara Debit,"=""RB74454ADKFIPGYLWV""","=""FTAIEI2S36CUYT5E37""",Ali Shaheed,"=""Ali Shaheed""",05-06-2026 09-00-00 Favara,447.19,,167686.44
2026/06/06,2026/06/06,Favara Credit,"=""RBRTYCZ03IND6D55W5""","=""FTRRWXENJQHSW1M3VN""",Freelance Client 2,"=""Freelance Client 2""",06-06-2026 01-00-00 Favara,,500.36,168186.80
2026/06/06,2026/06/06,Favara Credit,"=""RBBSG0Y96FX79TJ70D""","=""FTW4JZ9X76X3F4UTD3""",Hussain Shafeeq,"=""Hussain Shafeeq""",06-06-2026 17-00-00 Favara,,77.00,168263.80
2026/06/07,2026/06/07,Transfer Credit,"=""RBYO7UZ6XPPAWA8JDD""","=""FTI6CSBWLV2I1GFY32""",Ahmed Rasheed,"=""Ahmed Rasheed""",07-06-2026 09-00-00 Internet Banking,,130.17,168393.97
2026/06/08,2026/06/08,Transfer Debit,"=""RB663TB83BCWHJG8TD""","=""FTID135YCGMGVPNSQJ""",Coral Works LLP,"=""Coral Works LLP""",08-06-2026 01-00-00 Internet Banking,183.34,,168210.63
2026/06/08,2026/06/08,Favara Debit,"=""RBQ9KYPR3GKTFVZR60""","=""FTGQG8TM3J0XGAR1LJ""",My Other Bank Account,"=""My Other Bank Account""",08-06-2026 17-00-00 Favara,236.51,,167974.12
2026/06/09,2026/06/09,Favara Credit,"=""RBFJPZNXU1XQI10MZP""","=""FT8DU0LLPO6UQS1SW6""",My Other Bank Account,"=""My Other Bank Account""",09-06-2026 09-00-00 Favara,,289.68,168263.80
2026/06/10,2026/06/10,Purchase,"=""RB9KL77J9TDGNKMIVO""","=""FTH0OZJJQTEAIWGFJ7""",10-06-2026,"=""Coral Cafe""",10-06-2026 01-00-00,342.85,,167920.95
2026/06/10,2026/06/10,Purchase,"=""RB4HQ2X6VGZQXJT2CV""","=""FTQKCDH7FA4NHVU6WL""",10-06-2026,"=""Avas Ride""",10-06-2026 17-00-00,396.02,,167524.93
2026/06/11,2026/06/11,Purchase,"=""RBBROSZBWQPNSRTOHP""","=""FTT72R9GG61HBRAD8H""",11-06-2026,"=""AliExpress""",11-06-2026 09-00-00,449.19,,167075.74
2026/06/12,2026/06/12,Purchase,"=""RB2H97QCGLUPIYRDKP""","=""FTHOT9BO87KMTBYPD3""",12-06-2026,"=""MPGOOGLE Google One""",12-06-2026 01-00-00,27.36,,167048.38
2026/06/12,2026/06/12,Bill Payment,"=""RBF371YK364T8O3RLN""","=""FT2BTFIU87ASAW900X""",12-06-2026,"=""Dhiraagu BILLPAY""",12-06-2026 17-00-00,79.00,,166969.38
2026/06/13,2026/06/13,Salary,"=""RBWDUQN30EN6KV4M2L""","=""FTKFE7Z2XKC0DDTTUO""",Synthetic Employer Pvt Ltd,"=""Synthetic Employer Pvt Ltd""",13-06-2026 09-00-00,,13668.00,180637.38
2026/06/14,2026/06/14,ATM Withdrawal,"=""RBR2KKB6NGQ9A5E5WJ""","=""FTKF6POOEW9XQF9DS9""",ATM Cash Withdrawal,"=""ATM Cash Withdrawal""",14-06-2026 01-00-00,185.34,,180452.04
2026/06/14,2026/06/14,Credit Card Payment,"=""RBOZN7V6OT7JKMGA2Q""","=""FT6MQJTITKONZ3TJ7F""",BML Credit Card Payment,"=""BML Credit Card Payment""",14-06-2026 17-00-00,238.51,,180213.53
2026/06/15,2026/06/15,Favara Debit,"=""RBCKSN1EUOR1AZ4U3G""","=""FT7UX1FG07N6P52W94""",Hussain Shafeeq,"=""Hussain Shafeeq""",15-06-2026 09-00-00 Favara,291.68,,179921.85
2026/06/16,2026/06/16,Transfer Debit,"=""RBX2CK3Q92HCMDOIOF""","=""FTIT3YS7LRJFUI6KM2""",Ali Shaheed,"=""Ali Shaheed""",16-06-2026 01-00-00 Internet Banking,344.85,,179577.00
2026/06/16,2026/06/16,Favara Debit,"=""RB0NFCIG9ZZ1HM90C4""","=""FTE8G452KSGLJNYT6B""",Mariyam Naaz,"=""Mariyam Naaz""",16-06-2026 17-00-00 Favara,398.02,,179178.98
2026/06/17,2026/06/17,Favara Credit,"=""RB98ANICUMWSQN6B9A""","=""FTZE98KRMQRUQSCFQZ""",Freelance Client 3,"=""Freelance Client 3""",17-06-2026 09-00-00 Favara,,451.19,179630.17
2026/06/18,2026/06/18,Favara Credit,"=""RB96RQFKBPKP2PYK0K""","=""FT70AO0U0X8TO1K8EL""",Ali Shaheed,"=""Ali Shaheed""",18-06-2026 01-00-00 Favara,,29.36,179659.53
2026/06/18,2026/06/18,Transfer Credit,"=""RBYD4PVOTEZO8OU4W2""","=""FT17DXVL0MV14XBOZK""",Hussain Shafeeq,"=""Hussain Shafeeq""",18-06-2026 17-00-00 Internet Banking,,81.00,179740.53
2026/06/19,2026/06/19,Transfer Debit,"=""RBG1D1I4UM3Z6HPHSK""","=""FTR157OA70Y27239LG""",Digitopia Pvt Ltd,"=""Digitopia Pvt Ltd""",19-06-2026 09-00-00 Internet Banking,134.17,,179606.36
2026/06/20,2026/06/20,Favara Debit,"=""RBYUOF94UT7HD2U8GU""","=""FTRPYH0JB5PTD5CKF5""",My Other Bank Account,"=""My Other Bank Account""",20-06-2026 01-00-00 Favara,187.34,,179419.02
2026/06/20,2026/06/20,Favara Credit,"=""RBEYN7IYHYDBZP8R31""","=""FTFMUWI17PWSTM0EQ3""",My Other Bank Account,"=""My Other Bank Account""",20-06-2026 17-00-00 Favara,,240.51,179659.53
2026/06/21,2026/06/21,Purchase,"=""RB91P3YQ3NKBR6TM2B""","=""FT3REBM1TFNLWDOHCH""",21-06-2026,"=""Red Banana""",21-06-2026 09-00-00,293.68,,179365.85
2026/06/22,2026/06/22,Purchase,"=""RB86R5JTR4UDIUWNA6""","=""FTE1WX33X8W6LNZ04W""",22-06-2026,"=""Avas Ride""",22-06-2026 01-00-00,346.85,,179019.00
2026/06/22,2026/06/22,Purchase,"=""RBRIIPCYMCIM96K9GU""","=""FTJ09FLSB4VE1BAF2P""",22-06-2026,"=""AliExpress""",22-06-2026 17-00-00,400.02,,178618.98
2026/06/23,2026/06/23,Purchase,"=""RBIRN8QJFKPPE4440Z""","=""FTYY27M2BXHBSJQ4JX""",23-06-2026,"=""MPGOOGLE YouTube Premium""",23-06-2026 09-00-00,453.19,,178165.79
2026/06/24,2026/06/24,Bill Payment,"=""RBOOLDNG6GE4N24CWM""","=""FTI3CUDYR4KYJHUY9F""",24-06-2026,"=""STELCO BILLPAY""",24-06-2026 01-00-00,31.36,,178134.43
2026/06/24,2026/06/24,Salary,"=""RBM1GN1OU5WL1WHW7J""","=""FTDSBOG94JHDL3K6W5""",Synthetic Employer Pvt Ltd,"=""Synthetic Employer Pvt Ltd""",24-06-2026 17-00-00,,10317.00,188451.43
2026/06/25,2026/06/25,ATM Withdrawal,"=""RBQTT75A01N3IH2AIW""","=""FT8CKOG40ZDPAVEOH9""",ATM Cash Withdrawal,"=""ATM Cash Withdrawal""",25-06-2026 09-00-00,136.17,,188315.26
2026/06/26,2026/06/26,Credit Card Payment,"=""RBU0LDNIZ8GQZMKKPS""","=""FTV6A157KRIPYNF905""",BML Credit Card Payment,"=""BML Credit Card Payment""",26-06-2026 01-00-00,189.34,,188125.92
2026/06/26,2026/06/26,Favara Debit,"=""RBSR32W432DVU7YWX0""","=""FTHPL5RPWC1C524QKF""",Ali Shaheed,"=""Ali Shaheed""",26-06-2026 17-00-00 Favara,242.51,,187883.41
2026/06/27,2026/06/27,Transfer Debit,"=""RBX64QEZJ6O6692KKH""","=""FT9FV4E2XFZND7DCLU""",Mariyam Naaz,"=""Mariyam Naaz""",27-06-2026 09-00-00 Internet Banking,295.68,,187587.73
2026/06/28,2026/06/28,Favara Debit,"=""RB8LS334SFLSN0Q71K""","=""FT0VW44DDGB6NRAO4Q""",Fathimath Leeza,"=""Fathimath Leeza""",28-06-2026 01-00-00 Favara,348.85,,187238.88
2026/06/28,2026/06/28,Favara Credit,"=""RB2RNUOQ1P9QWUJX3B""","=""FTI075HLIUP8RCDI4E""",Freelance Client 4,"=""Freelance Client 4""",28-06-2026 17-00-00 Favara,,402.02,187640.90
2026/06/29,2026/06/29,Favara Credit,"=""RBNL5RLG76T1YM9OUB""","=""FTANMW33HFB6IK5MBD""",Mariyam Naaz,"=""Mariyam Naaz""",29-06-2026 09-00-00 Favara,,455.19,188096.09
2026/06/30,2026/06/30,Transfer Credit,"=""RBJ8BCB0S8JJ2EMBAT""","=""FTSJA00LNMHV1JHUZ1""",Ali Shaheed,"=""Ali Shaheed""",30-06-2026 01-00-00 Internet Banking,,33.36,188129.45
2026/06/30,2026/06/30,Transfer Debit,"=""RBG7OH8ITZFE36GVC8""","=""FT1X4OMSRJ9PAH5953""",Echbees LLP,"=""Echbees LLP""",30-06-2026 17-00-00 Internet Banking,85.00,,188044.45
2026/07/01,2026/07/01,Favara Debit,"=""RBY8D3S0H110FSSMSL""","=""FTSGJ2VTXX1DMWZFX6""",My Other Bank Account,"=""My Other Bank Account""",01-07-2026 09-00-00 Favara,138.17,,187906.28
2026/07/02,2026/07/02,Favara Credit,"=""RBAVLA80T520H4U4U6""","=""FTF68G6Q8T78QOVAXE""",My Other Bank Account,"=""My Other Bank Account""",02-07-2026 01-00-00 Favara,,191.34,188097.62
2026/07/02,2026/07/02,Purchase,"=""RBHSE5JVFW8V9PUID5""","=""FTY7QD5NIMF56MD7QW""",02-07-2026,"=""Villa Mart""",02-07-2026 17-00-00,244.51,,187853.11
2026/07/03,2026/07/03,Purchase,"=""RB13IG0ZS6DMBP19WF""","=""FTWXEL7XAV2JTXP6AI""",03-07-2026,"=""Avas Ride""",03-07-2026 09-00-00,297.68,,187555.43
2026/07/04,2026/07/04,Purchase,"=""RB6QDUW8H8A5XBH6QR""","=""FT4SKK7D7HE8C4Y2UI""",04-07-2026,"=""AliExpress""",04-07-2026 01-00-00,350.85,,187204.58
2026/07/04,2026/07/04,Purchase,"=""RBQ3DRF0L56MQ7QG6D""","=""FTSDSK5IIH5RE20YK9""",04-07-2026,"=""MPGOOGLE Google One""",04-07-2026 17-00-00,404.02,,186800.56
2026/07/05,2026/07/05,Bill Payment,"=""RBD7FI0FJ6I4XF7BK4""","=""FTN25TL8SKLS3G5WJS""",05-07-2026,"=""Dhiraagu BILLPAY""",05-07-2026 09-00-00,457.19,,186343.37
2026/07/06,2026/07/06,Salary,"=""RBWJ1AXXE5M2S0H41M""","=""FTGX3N0AMJHVCC903L""",Synthetic Employer Pvt Ltd,"=""Synthetic Employer Pvt Ltd""",06-07-2026 01-00-00,,11966.00,198309.37
2026/07/06,2026/07/06,ATM Withdrawal,"=""RBZ3K1HID11VTNZWJD""","=""FTB9TKDO39UH7B7DFR""",ATM Cash Withdrawal,"=""ATM Cash Withdrawal""",06-07-2026 17-00-00,87.00,,198222.37
2026/07/07,2026/07/07,Credit Card Payment,"=""RB4TVEIL9AX9V605TY""","=""FTJGQTO6DUMI2JDD6W""",BML Credit Card Payment,"=""BML Credit Card Payment""",07-07-2026 09-00-00,140.17,,198082.20
2026/07/08,2026/07/08,Favara Debit,"=""RBD9QFM79U97V5SXVI""","=""FTF36BALGQH7D5Y6LW""",Mariyam Naaz,"=""Mariyam Naaz""",08-07-2026 01-00-00 Favara,193.34,,197888.86
2026/07/08,2026/07/08,Transfer Debit,"=""RBCH1SB14Z9WX7PDVU""","=""FTCOM61K4SF8BZQFCV""",Fathimath Leeza,"=""Fathimath Leeza""",08-07-2026 17-00-00 Internet Banking,246.51,,197642.35
2026/07/09,2026/07/09,Favara Debit,"=""RBLBT7ADPXVNULP0PV""","=""FTG2LY1G12E0YW1RTN""",Ahmed Rasheed,"=""Ahmed Rasheed""",09-07-2026 09-00-00 Favara,299.68,,197342.67
2026/07/10,2026/07/10,Favara Credit,"=""RBUFPGE496WBTTUXL1""","=""FTNNY4R5M72YLFP4AH""",Freelance Client 1,"=""Freelance Client 1""",10-07-2026 01-00-00 Favara,,352.85,197695.52
2026/07/10,2026/07/10,Favara Credit,"=""RBK6PUDTCCKNB18AKZ""","=""FTSMCK004MG6XL0FC9""",Fathimath Leeza,"=""Fathimath Leeza""",10-07-2026 17-00-00 Favara,,406.02,198101.54
2026/07/11,2026/07/11,Transfer Credit,"=""RBPKE8OCOVYY618UR8""","=""FTAWMEINXPI5OUN8EQ""",Mariyam Naaz,"=""Mariyam Naaz""",11-07-2026 09-00-00 Internet Banking,,459.19,198560.73
2026/07/12,2026/07/12,Transfer Debit,"=""RBQ84YZGEMBB8A2FCV""","=""FTLCRSA3JMYVMYV6IP""",Coral Works LLP,"=""Coral Works LLP""",12-07-2026 01-00-00 Internet Banking,37.36,,198523.37
2026/07/12,2026/07/12,Favara Debit,"=""RBCJSD610ZKT1UF78A""","=""FTUK8JCL2UJMEW6BAG""",My Other Bank Account,"=""My Other Bank Account""",12-07-2026 17-00-00 Favara,89.00,,198434.37
2026/07/13,2026/07/13,Favara Credit,"=""RB1VMV3Y5DT1S07IMH""","=""FTA1BW32291023Y7FA""",My Other Bank Account,"=""My Other Bank Account""",13-07-2026 09-00-00 Favara,,142.17,198576.54
2026/07/14,2026/07/14,Purchase,"=""RBD3A6R1LB1PIGL4W4""","=""FTT05PQ4IFDSXED7UZ""",14-07-2026,"=""Coral Cafe""",14-07-2026 01-00-00,195.34,,198381.20
2026/07/14,2026/07/14,Purchase,"=""RBFA71CKIDQBN8FTCG""","=""FT3BPAAI0XWWA2VKI3""",14-07-2026,"=""Avas Ride""",14-07-2026 17-00-00,248.51,,198132.69
2026/07/15,2026/07/15,Purchase,"=""RBSHL5QH1OCTARH5S0""","=""FT9YL39K74HLVWCPWA""",15-07-2026,"=""AliExpress""",15-07-2026 09-00-00,301.68,,197831.01
2026/07/16,2026/07/16,Purchase,"=""RBER2YM850B3I84CF5""","=""FTFZL9Y7905ID0W0K7""",16-07-2026,"=""MPGOOGLE YouTube Premium""",16-07-2026 01-00-00,354.85,,197476.16
2026/07/16,2026/07/16,Bill Payment,"=""RBVRNGG9FCPIF3BSBO""","=""FT3M2PR9LZKKLO24ZK""",16-07-2026,"=""STELCO BILLPAY""",16-07-2026 17-00-00,408.02,,197068.14
2026/07/17,2026/07/17,Salary,"=""RB8EBS3MPR3EOIR0KL""","=""FT1SKAHTEXC82NN48C""",Synthetic Employer Pvt Ltd,"=""Synthetic Employer Pvt Ltd""",17-07-2026 09-00-00,,13615.00,210683.14
2026/07/18,2026/07/18,ATM Withdrawal,"=""RBNX41CGW0HEZQRH8Y""","=""FTE8VU37WG7V7VWG3N""",ATM Cash Withdrawal,"=""ATM Cash Withdrawal""",18-07-2026 01-00-00,39.36,,210643.78
2026/07/18,2026/07/18,Credit Card Payment,"=""RBA0Y3QTGPSANT36ZL""","=""FT8XNZ7CSL1Q9JA3SF""",BML Credit Card Payment,"=""BML Credit Card Payment""",18-07-2026 17-00-00,91.00,,210552.78
2026/07/19,2026/07/19,Favara Debit,"=""RBKLQ2YGEPIYB8E0P7""","=""FTC3UWELANLTE4MEET""",Fathimath Leeza,"=""Fathimath Leeza""",19-07-2026 09-00-00 Favara,144.17,,210408.61
2026/07/20,2026/07/20,Transfer Debit,"=""RBW0SOV3A2JJ3GU0QQ""","=""FTMAX0WT11KZALB48Z""",Ahmed Rasheed,"=""Ahmed Rasheed""",20-07-2026 01-00-00 Internet Banking,197.34,,210211.27
2026/07/20,2026/07/20,Favara Debit,"=""RBKEI9C5EEZVKXFMKB""","=""FTRJSRXLD7BO5GCIY9""",Hussain Shafeeq,"=""Hussain Shafeeq""",20-07-2026 17-00-00 Favara,250.51,,209960.76
2026/07/21,2026/07/21,Favara Credit,"=""RBSID6USBZ66NB6QFX""","=""FTJDC4ETBYEH2QK6FA""",Freelance Client 2,"=""Freelance Client 2""",21-07-2026 09-00-00 Favara,,303.68,210264.44
2026/07/22,2026/07/22,Favara Credit,"=""RBEJT6VNTEWMWO7LNG""","=""FTTE6VLJZP7BSYPP8W""",Ahmed Rasheed,"=""Ahmed Rasheed""",22-07-2026 01-00-00 Favara,,356.85,210621.29
2026/07/22,2026/07/22,Transfer Credit,"=""RBH63ZRQUOOHM25HKE""","=""FT4BMU69JDV79BE5YD""",Fathimath Leeza,"=""Fathimath Leeza""",22-07-2026 17-00-00 Internet Banking,,410.02,211031.31
2026/07/23,2026/07/23,Transfer Debit,"=""RBWJB18WMCYM9CT67S""","=""FTHSAHFDTOZKOGWZNJ""",Digitopia Pvt Ltd,"=""Digitopia Pvt Ltd""",23-07-2026 09-00-00 Internet Banking,463.19,,210568.12
2026/07/24,2026/07/24,Favara Debit,"=""RBBHWKSBO6I1QFMZYU""","=""FTKRMUUFDHQ27SLRTU""",My Other Bank Account,"=""My Other Bank Account""",24-07-2026 01-00-00 Favara,41.36,,210526.76
2026/07/24,2026/07/24,Favara Credit,"=""RBGNRRQEIUCPS110NM""","=""FTB8FUPRPZ51TIY21S""",My Other Bank Account,"=""My Other Bank Account""",24-07-2026 17-00-00 Favara,,93.00,210619.76
2026/07/25,2026/07/25,Purchase,"=""RB0XXSQK9JFF7C1DUS""","=""FTTSLZH2XAKHYTLEL8""",25-07-2026,"=""Red Banana""",25-07-2026 09-00-00,146.17,,210473.59
2026/07/26,2026/07/26,Purchase,"=""RB8AECRCJWV4C9TLP7""","=""FTUQ3JPKFCAN1PIXUF""",26-07-2026,"=""Avas Ride""",26-07-2026 01-00-00,199.34,,210274.25
2026/07/26,2026/07/26,Purchase,"=""RBG1RKHF06IIMEELDV""","=""FT443326A0J9340W5B""",26-07-2026,"=""AliExpress""",26-07-2026 17-00-00,252.51,,210021.74
2026/07/27,2026/07/27,Purchase,"=""RBZHN2KWIYA0BH8OC5""","=""FTI8XXZ9XBT4WC9VX4""",27-07-2026,"=""MPGOOGLE Google One""",27-07-2026 09-00-00,305.68,,209716.06
2026/07/28,2026/07/28,Bill Payment,"=""RBEI3YZB6IYB00A3JC""","=""FTP8CZFU4R601YEQ84""",28-07-2026,"=""Dhiraagu BILLPAY""",28-07-2026 01-00-00,358.85,,209357.21
2026/07/28,2026/07/28,Salary,"=""RBRERGFJI2JF1XTU6C""","=""FT3F06247EW3KBYR54""",Synthetic Employer Pvt Ltd,"=""Synthetic Employer Pvt Ltd""",28-07-2026 17-00-00,,10264.00,219621.21
2026/07/29,2026/07/29,ATM Withdrawal,"=""RBYW5OLBUJQQK65VM2""","=""FTGLPPBTUS6GTQE8E8""",ATM Cash Withdrawal,"=""ATM Cash Withdrawal""",29-07-2026 09-00-00,465.19,,219156.02
2026/07/30,2026/07/30,Credit Card Payment,"=""RB96513YBWGMUKHVSO""","=""FTI81LAI4D7FSQHZCF""",BML Credit Card Payment,"=""BML Credit Card Payment""",30-07-2026 01-00-00,43.36,,219112.66
2026/07/30,2026/07/30,Favara Debit,"=""RB33PB1CUHELING3DM""","=""FT7BMD02UNGVG9N932""",Ahmed Rasheed,"=""Ahmed Rasheed""",30-07-2026 17-00-00 Favara,95.00,,219017.66
2026/07/31,2026/07/31,Transfer Debit,"=""RB5JT3IDIK8X1AZOWD""","=""FT1HHZ1DBXBNIH6UBS""",Hussain Shafeeq,"=""Hussain Shafeeq""",31-07-2026 09-00-00 Internet Banking,148.17,,218869.49
2026/08/01,2026/08/01,Favara Debit,"=""RBI29J1QWM5D6YT86H""","=""FTBWZX3RQ6TRK3E8QB""",Ali Shaheed,"=""Ali Shaheed""",01-08-2026 01-00-00 Favara,201.34,,218668.15
2026/08/01,2026/08/01,Favara Credit,"=""RBGS4ZNZY2A2FGMHV8""","=""FTGZWNWK02WKKUBU9I""",Freelance Client 3,"=""Freelance Client 3""",01-08-2026 17-00-00 Favara,,254.51,218922.66
2026/08/02,2026/08/02,Favara Credit,"=""RBJCYPYXPLIVFGQQLM""","=""FTD7AEJ71ZQSGJ3LAM""",Hussain Shafeeq,"=""Hussain Shafeeq""",02-08-2026 09-00-00 Favara,,307.68,219230.34
2026/08/03,2026/08/03,Transfer Credit,"=""RBYBPTVFUUUZJXZNWI""","=""FTVDLUYA2108VJIX3B""",Ahmed Rasheed,"=""Ahmed Rasheed""",03-08-2026 01-00-00 Internet Banking,,360.85,219591.19
2026/08/03,2026/08/03,Transfer Debit,"=""RBSHOS0GLDZ4OEKTR2""","=""FT1V3NZDQK5IKB7WAM""",Echbees LLP,"=""Echbees LLP""",03-08-2026 17-00-00 Internet Banking,414.02,,219177.17
2026/08/04,2026/08/04,Favara Debit,"=""RB3B8B1ZMA0GEJ1ZL1""","=""FTV6N45900BSWKHOHF""",My Other Bank Account,"=""My Other Bank Account""",04-08-2026 09-00-00 Favara,467.19,,218709.98
2026/08/05,2026/08/05,Favara Credit,"=""RB1VBQ0M1YHNG0SWSL""","=""FTT00ZV3REF8MTJCGA""",My Other Bank Account,"=""My Other Bank Account""",05-08-2026 01-00-00 Favara,,45.36,218755.34
2026/08/05,2026/08/05,Purchase,"=""RB116MD8W8SOCW16FT""","=""FTLRXIZK0KI6V737GL""",05-08-2026,"=""Villa Mart""",05-08-2026 17-00-00,97.00,,218658.34
2026/08/06,2026/08/06,Purchase,"=""RBCCTQCDTPGNZ55JDQ""","=""FTLXGW9KIC09M9AOJF""",06-08-2026,"=""Avas Ride""",06-08-2026 09-00-00,150.17,,218508.17
2026/08/07,2026/08/07,Purchase,"=""RBWK52AVNKAC4B6WQT""","=""FTLPRCLOQPWEYK1NA3""",07-08-2026,"=""AliExpress""",07-08-2026 01-00-00,203.34,,218304.83
2026/08/07,2026/08/07,Purchase,"=""RB8OA1DKPBDFDB1JSN""","=""FTJ0R7TLKRG2NCLBZT""",07-08-2026,"=""MPGOOGLE YouTube Premium""",07-08-2026 17-00-00,256.51,,218048.32
2026/08/08,2026/08/08,Bill Payment,"=""RBCVGDX6082E2TDBKL""","=""FTQ4JD750RMCVX9E3Y""",08-08-2026,"=""STELCO BILLPAY""",08-08-2026 09-00-00,309.68,,217738.64
2026/08/09,2026/08/09,Salary,"=""RBUT4YMLQPVODA1H2Y""","=""FTQHX98H3TMFGOVG9G""",Synthetic Employer Pvt Ltd,"=""Synthetic Employer Pvt Ltd""",09-08-2026 01-00-00,,11913.00,229651.64
2026/08/09,2026/08/09,ATM Withdrawal,"=""RB504I225BNIJ87GI0""","=""FTO8HXZD4RC49EK4CA""",ATM Cash Withdrawal,"=""ATM Cash Withdrawal""",09-08-2026 17-00-00,416.02,,229235.62
2026/08/10,2026/08/10,Credit Card Payment,"=""RBN3M05ML6K6TEM7YF""","=""FTHYO16DKMOI27VQ2S""",BML Credit Card Payment,"=""BML Credit Card Payment""",10-08-2026 09-00-00,469.19,,228766.43
2026/08/11,2026/08/11,Favara Debit,"=""RBJHKGB9ECOHYQU02J""","=""FTF1W8MZW2Q38QUX06""",Hussain Shafeeq,"=""Hussain Shafeeq""",11-08-2026 01-00-00 Favara,47.36,,228719.07
2026/08/11,2026/08/11,Purchase Reversal,"=""RB434CXH1H592BQ70O""","=""FTKNZXA8H385VIYK89""",Mariyam Naaz,"=""Mariyam Naaz""",REVERSAL 11-08-2026 17-00-00,,65.00,228784.07
2026/08/12,2026/08/12,Favara Debit,"=""RB6XA4P3TVTW1U71QV""","=""FTQN9JOG9W7W6I7A72""",Mariyam Naaz,"=""Mariyam Naaz""",12-08-2026 09-00-00 Favara,152.17,,228631.90
2026/08/13,2026/08/13,Favara Credit,"=""RBVV7GUJR0NXFTKLVR""","=""FTY9O99O6XV6NIALGT""",Freelance Client 4,"=""Freelance Client 4""",13-08-2026 01-00-00 Favara,,205.34,228837.24
2026/08/13,2026/08/13,Favara Credit,"=""RBM4AAWZRUKI2X0Z2K""","=""FT7HLTA6G9H8I10KUH""",Ali Shaheed,"=""Ali Shaheed""",13-08-2026 17-00-00 Favara,,258.51,229095.75
2026/08/14,2026/08/14,Transfer Credit,"=""RBF30VGUGO26OBECMQ""","=""FTY50KEUCDCELA92GQ""",Hussain Shafeeq,"=""Hussain Shafeeq""",14-08-2026 09-00-00 Internet Banking,,311.68,229407.43
2026/08/15,2026/08/15,Transfer Debit,"=""RB944AP9EHFT6BYSHI""","=""FT8BDZV4ROYCILDOFI""",Coral Works LLP,"=""Coral Works LLP""",15-08-2026 01-00-00 Internet Banking,364.85,,229042.58
2026/08/15,2026/08/15,Favara Debit,"=""RBMTXJJZL85G1SELIF""","=""FTAQ91M9HHLIUNPA41""",My Other Bank Account,"=""My Other Bank Account""",15-08-2026 17-00-00 Favara,418.02,,228624.56
2026/08/16,2026/08/16,Favara Credit,"=""RBUVIP4OB7M7UENQRS""","=""FT7POA1IMFBGWTI0MW""",My Other Bank Account,"=""My Other Bank Account""",16-08-2026 09-00-00 Favara,,471.19,229095.75
2026/08/17,2026/08/17,Purchase,"=""RBBLWRXY2STTO3G0CU""","=""FTNPC16HBVF047LB6G""",17-08-2026,"=""Coral Cafe""",17-08-2026 01-00-00,49.36,,229046.39
2026/08/17,2026/08/17,Purchase,"=""RB98PI8FNTJJRQT5II""","=""FTLM4RIH2RJ387J4SX""",17-08-2026,"=""Avas Ride""",17-08-2026 17-00-00,101.00,,228945.39
2026/08/18,2026/08/18,Purchase,"=""RBENT9FBJFN6290THX""","=""FTGOQX73XCFROXNJ72""",18-08-2026,"=""AliExpress""",18-08-2026 09-00-00,154.17,,228791.22
2026/08/19,2026/08/19,Purchase,"=""RBRQW1ZVPD3KCP1DE1""","=""FTA9FB813B8P3Y5UV8""",19-08-2026,"=""MPGOOGLE Google One""",19-08-2026 01-00-00,207.34,,228583.88
2026/08/19,2026/08/19,Bill Payment,"=""RBU4889B9N7IIYTGLE""","=""FT73ED9ZQXVG41WJNX""",19-08-2026,"=""Dhiraagu BILLPAY""",19-08-2026 17-00-00,260.51,,228323.37
2026/08/20,2026/08/20,Salary,"=""RB3DQ52YFB3GEFJ8DA""","=""FT5GGW2N4ZDA7R307L""",Synthetic Employer Pvt Ltd,"=""Synthetic Employer Pvt Ltd""",20-08-2026 09-00-00,,13562.00,241885.37
2026/08/21,2026/08/21,ATM Withdrawal,"=""RBCV3JPLG1Q9671TLP""","=""FT71UAT9X3GVKRWZ29""",ATM Cash Withdrawal,"=""ATM Cash Withdrawal""",21-08-2026 01-00-00,366.85,,241518.52
2026/08/21,2026/08/21,Credit Card Payment,"=""RB3F30181REE56HC0L""","=""FTJHYTGOD0U52AT60S""",BML Credit Card Payment,"=""BML Credit Card Payment""",21-08-2026 17-00-00,420.02,,241098.50
2026/08/22,2026/08/22,Favara Debit,"=""RBHLASIUZN6KM4O6FX""","=""FTY5L59ONTA1T1IM7U""",Ali Shaheed,"=""Ali Shaheed""",22-08-2026 09-00-00 Favara,473.19,,240625.31
2026/08/23,2026/08/23,Transfer Debit,"=""RB25QV0QZEG5SDHPCT""","=""FTKX4LCOEUI4N2PUQR""",Mariyam Naaz,"=""Mariyam Naaz""",23-08-2026 01-00-00 Internet Banking,51.36,,240573.95
2026/08/23,2026/08/23,Favara Debit,"=""RBCUFEDXEOYK6K3QP4""","=""FTWUN4N294BYRMYU1M""",Fathimath Leeza,"=""Fathimath Leeza""",23-08-2026 17-00-00 Favara,103.00,,240470.95
2026/08/24,2026/08/24,Favara Credit,"=""RBLLJ66OI75HPO006A""","=""FTS1AWW08WU42N8CME""",Freelance Client 1,"=""Freelance Client 1""",24-08-2026 09-00-00 Favara,,156.17,240627.12
2026/08/25,2026/08/25,Favara Credit,"=""RBUCS4X3KM1SQOXV92""","=""FT4931E7HWSIZY2UG4""",Mariyam Naaz,"=""Mariyam Naaz""",25-08-2026 01-00-00 Favara,,209.34,240836.46
2026/08/25,2026/08/25,Transfer Credit,"=""RB7U765ILQVNXB2Y88""","=""FT4ILVH19TOMB6SJ0G""",Ali Shaheed,"=""Ali Shaheed""",25-08-2026 17-00-00 Internet Banking,,262.51,241098.97
2026/08/26,2026/08/26,Transfer Debit,"=""RBO2RV778YSRL41K6A""","=""FTIFP2P8NVLQXWVHHP""",Digitopia Pvt Ltd,"=""Digitopia Pvt Ltd""",26-08-2026 09-00-00 Internet Banking,315.68,,240783.29
2026/08/27,2026/08/27,Favara Debit,"=""RBE5CYS5PXHX1PQECL""","=""FTW0T07MCDVCCRZ1H5""",My Other Bank Account,"=""My Other Bank Account""",27-08-2026 01-00-00 Favara,368.85,,240414.44
2026/08/27,2026/08/27,Favara Credit,"=""RBGLALGBUQ2F1QVRBP""","=""FT06KALMSOOVXG8ZKF""",My Other Bank Account,"=""My Other Bank Account""",27-08-2026 17-00-00 Favara,,422.02,240836.46
2026/08/28,2026/08/28,Purchase,"=""RBKB8EF34S0BCF3DAN""","=""FTFTB6M4TYK85REF2S""",28-08-2026,"=""Red Banana""",28-08-2026 09-00-00,475.19,,240361.27
2026/08/29,2026/08/29,Purchase,"=""RBHSCUTWZYHE0IKXWP""","=""FTYBGNSVXUFYBFBC7I""",29-08-2026,"=""Avas Ride""",29-08-2026 01-00-00,53.36,,240307.91
2026/08/29,2026/08/29,Purchase,"=""RBBTXDB9F1BBWKOO2X""","=""FTL7GG0F0M8QUX9PWJ""",29-08-2026,"=""AliExpress""",29-08-2026 17-00-00,105.00,,240202.91
2026/08/30,2026/08/30,Purchase,"=""RBAWL96RC223ODHJM9""","=""FTA5TWLSA67O6SZOBU""",30-08-2026,"=""MPGOOGLE YouTube Premium""",30-08-2026 09-00-00,158.17,,240044.74
2026/08/31,2026/08/31,Bill Payment,"=""RBG96S7U39KPPXWWDX""","=""FTIR8P5V2Y5JGMJHCD""",31-08-2026,"=""STELCO BILLPAY""",31-08-2026 01-00-00,211.34,,239833.40
2026/08/31,2026/08/31,Salary,"=""RBV403OE9X4U0AJ7WR""","=""FTGB6YZIE23GCUX8S5""",Synthetic Employer Pvt Ltd,"=""Synthetic Employer Pvt Ltd""",31-08-2026 17-00-00,,10211.00,250044.40
2026/09/01,2026/09/01,ATM Withdrawal,"=""RBCF1K19F07EKCDUNJ""","=""FTYVYWRNAPJQ4UZ5SD""",ATM Cash Withdrawal,"=""ATM Cash Withdrawal""",01-09-2026 09-00-00,317.68,,249726.72
2026/09/02,2026/09/02,Credit Card Payment,"=""RBO7RQ7X3F4REDBJDB""","=""FTHVTX6ALZDC9UBJVS""",BML Credit Card Payment,"=""BML Credit Card Payment""",02-09-2026 01-00-00,370.85,,249355.87
2026/09/02,2026/09/02,Favara Debit,"=""RB9LATNLEZGE0FOONC""","=""FTQDHI3DXMCDOZD0PJ""",Mariyam Naaz,"=""Mariyam Naaz""",02-09-2026 17-00-00 Favara,424.02,,248931.85
2026/09/03,2026/09/03,Transfer Debit,"=""RBEG9MJA2W4IC5UIY5""","=""FT39VRJM4QHXMPJRZD""",Fathimath Leeza,"=""Fathimath Leeza""",03-09-2026 09-00-00 Internet Banking,477.19,,248454.66
2026/09/04,2026/09/04,Favara Debit,"=""RB7WAJIYCO7MXOBMYJ""","=""FTWOWMPZRVFF1QNGQR""",Ahmed Rasheed,"=""Ahmed Rasheed""",04-09-2026 01-00-00 Favara,55.36,,248399.30
2026/09/04,2026/09/04,Favara Credit,"=""RB09KVF6JLQJCHBGME""","=""FTYFEWMXVH667GZ23Y""",Freelance Client 2,"=""Freelance Client 2""",04-09-2026 17-00-00 Favara,,107.00,248506.30
2026/09/05,2026/09/05,Favara Credit,"=""RBO9UDMSTFS8IV45DZ""","=""FTKZPOHIMK7K5XWPU0""",Fathimath Leeza,"=""Fathimath Leeza""",05-09-2026 09-00-00 Favara,,160.17,248666.47
2026/09/06,2026/09/06,Transfer Credit,"=""RBFJACQ4EX6JAU1LQI""","=""FTU9WB85WZFYBXQM4N""",Mariyam Naaz,"=""Mariyam Naaz""",06-09-2026 01-00-00 Internet Banking,,213.34,248879.81
2026/09/06,2026/09/06,Transfer Debit,"=""RBYZBI3THRU2GL3PWB""","=""FT839VOO6NRHAT02E1""",Echbees LLP,"=""Echbees LLP""",06-09-2026 17-00-00 Internet Banking,266.51,,248613.30
2026/09/07,2026/09/07,Favara Debit,"=""RBZ5PAQB7P68S6J87S""","=""FTLB1NUBMVM9OO3F5F""",My Other Bank Account,"=""My Other Bank Account""",07-09-2026 09-00-00 Favara,319.68,,248293.62
2026/09/08,2026/09/08,Favara Credit,"=""RBPVGGQYZU6FJLCPFC""","=""FTVIWVRW10JXLSLXHT""",My Other Bank Account,"=""My Other Bank Account""",08-09-2026 01-00-00 Favara,,372.85,248666.47
2026/09/08,2026/09/08,Purchase,"=""RBXJAOHHONNF8OCCTN""","=""FTI2CWTQG9XV7N5CMH""",08-09-2026,"=""Villa Mart""",08-09-2026 17-00-00,426.02,,248240.45
2026/09/09,2026/09/09,Purchase,"=""RBKU16JYCZ22LWF5FR""","=""FTR00XDGUEG91RDO4J""",09-09-2026,"=""Avas Ride""",09-09-2026 09-00-00,479.19,,247761.26
2026/03/22,2026/03/22,Purchase,"=""RBNF63EXPMNB2G6M4B""","=""FTBIVNCYSPFI0V26DU""",22-03-2026,"=""Villa Mart""",22-03-2026 17-00-00,210.51,,99225.39
2026/09/10,2026/09/10,Purchase,"=""RBW413LFGHJQA8G6U9""","=""FTCF6AM4ME19XWA03B""",10-09-2026,"=""MPGOOGLE Google One""",10-09-2026 17-00-00,109.00,,247652.26
2026/09/11,2026/09/11,Bill Payment,"=""RB7DH76SW8LNWUUSCX""","=""FTYCYK600ETCH1MFG7""",11-09-2026,"=""Dhiraagu BILLPAY""",11-09-2026 09-00-00,162.17,,247490.09
2026/09/12,2026/09/12,Salary,"=""RBANA323YGDD2RDZ03""","=""FTAKK989PAT665LCGH""",Synthetic Employer Pvt Ltd,"=""Synthetic Employer Pvt Ltd""",12-09-2026 01-00-00,,11860.00,259350.09
2026/09/12,2026/09/12,ATM Withdrawal,"=""RBA3FU7LL3657R24UF""","=""FTW7G2GGX9M7FL7NY6""",ATM Cash Withdrawal,"=""ATM Cash Withdrawal""",12-09-2026 17-00-00,268.51,,259081.58
2026/09/13,2026/09/13,Credit Card Payment,"=""RB6J6OIW4XC3QH49YE""","=""FTJJWG7GVGTEKKALY6""",BML Credit Card Payment,"=""BML Credit Card Payment""",13-09-2026 09-00-00,321.68,,258759.90
2026/09/14,2026/09/14,Favara Debit,"=""RBRH0WWFV03HZGS4V3""","=""FTOHQ7PXEX4UVRRL8W""",Fathimath Leeza,"=""Fathimath Leeza""",14-09-2026 01-00-00 Favara,374.85,,258385.05
2026/09/14,2026/09/14,Transfer Debit,"=""RB8D2OEAAMP5MQT7FC""","=""FTT77T3NO8WBPSL4D9""",Ahmed Rasheed,"=""Ahmed Rasheed""",14-09-2026 17-00-00 Internet Banking,428.02,,257957.03
2026/09/15,2026/09/15,Favara Debit,"=""RBL6DNLP50VKVA1Q9H""","=""FT91H3J6MHKR0UV201""",Hussain Shafeeq,"=""Hussain Shafeeq""",15-09-2026 09-00-00 Favara,481.19,,257475.84
2026/09/16,2026/09/16,Favara Credit,"=""RBTDVUNZMH8HJH659B""","=""FT4IFAGTQB60R7G7ET""",Freelance Client 3,"=""Freelance Client 3""",16-09-2026 01-00-00 Favara,,59.36,257535.20
2026/09/16,2026/09/16,Favara Credit,"=""RBABPUH90RDJDS63P8""","=""FTR0PCJ69LEA8JR9CY""",Ahmed Rasheed,"=""Ahmed Rasheed""",16-09-2026 17-00-00 Favara,,111.00,257646.20
2026/09/17,2026/09/17,Transfer Credit,"=""RBZ8LT96UKDP2B0JI5""","=""FTY4FQY3NWB0F8BBHJ""",Fathimath Leeza,"=""Fathimath Leeza""",17-09-2026 09-00-00 Internet Banking,,164.17,257810.37
2026/09/18,2026/09/18,Transfer Debit,"=""RBDU6GBN3MREGA6SZR""","=""FT5J9MTN6K5VN5PK6M""",Coral Works LLP,"=""Coral Works LLP""",18-09-2026 01-00-00 Internet Banking,217.34,,257593.03
2026/09/18,2026/09/18,Favara Debit,"=""RBB2PPL5OX5ZNZPVX5""","=""FTP4N2G8A0ADV9CCFS""",My Other Bank Account,"=""My Other Bank Account""",18-09-2026 17-00-00 Favara,270.51,,257322.52
2026/09/19,2026/09/19,Favara Credit,"=""RBLUTVXUQ6RREE4DTG""","=""FT42LXFCLO7BI089P1""",My Other Bank Account,"=""My Other Bank Account""",19-09-2026 09-00-00 Favara,,323.68,257646.20
2026/09/20,2026/09/20,Purchase,"=""RB8V8Q9IHA1VK68TOB""","=""FTA9Y5YYFN7HMNLMET""",20-09-2026,"=""Coral Cafe""",20-09-2026 01-00-00,376.85,,257269.35
2026/09/20,2026/09/20,Purchase,"=""RBKYJZLXDWERBINDJW""","=""FTBD47KRXNE47YKQMF""",20-09-2026,"=""Avas Ride""",20-09-2026 17-00-00,430.02,,256839.33
2026/09/21,2026/09/21,Purchase,"=""RBWVXW7NIR9KW2EAXT""","=""FTGHZJG3JMOU6IZV2B""",21-09-2026,"=""AliExpress""",21-09-2026 09-00-00,483.19,,256356.14
2026/09/22,2026/09/22,Purchase,"=""RBYQKA5KEOHDE6BZQL""","=""FTKU5IXHSD1CBNF4YZ""",22-09-2026,"=""MPGOOGLE YouTube Premium""",22-09-2026 01-00-00,61.36,,256294.78
2026/09/22,2026/09/22,Bill Payment,"=""RBVG2H074G0Y1CK5IV""","=""FT268W7C1KCX8R4M8P""",22-09-2026,"=""STELCO BILLPAY""",22-09-2026 17-00-00,113.00,,256181.78
2026/09/23,2026/09/23,Salary,"=""RBN55AHEJXWP0BP69R""","=""FT2M7SK11INRL5VJVQ""",Synthetic Employer Pvt Ltd,"=""Synthetic Employer Pvt Ltd""",23-09-2026 09-00-00,,13509.00,269690.78
2026/09/24,2026/09/24,ATM Withdrawal,"=""RBVC17Z5AF7D34HHSH""","=""FT2VN7ZP345DAPIPEF""",ATM Cash Withdrawal,"=""ATM Cash Withdrawal""",24-09-2026 01-00-00,219.34,,269471.44
2026/09/24,2026/09/24,Credit Card Payment,"=""RBUAZQZFGL25S6741T""","=""FT37WAXNPBVEPQCKL7""",BML Credit Card Payment,"=""BML Credit Card Payment""",24-09-2026 17-00-00,272.51,,269198.93
2026/09/25,2026/09/25,Favara Debit,"=""RBJRFEGEQHMLJFFHUL""","=""FT5KLQWS3L1YHX5C37""",Ahmed Rasheed,"=""Ahmed Rasheed""",25-09-2026 09-00-00 Favara,325.68,,268873.25
2026/09/26,2026/09/26,Transfer Debit,"=""RBMD2TYNY2LKSR7VZM""","=""FTOT5I3DJDI4RGOFYK""",Hussain Shafeeq,"=""Hussain Shafeeq""",26-09-2026 01-00-00 Internet Banking,378.85,,268494.40
2026/09/26,2026/09/26,Favara Debit,"=""RB0LPQNHBCZJFB8TDS""","=""FTKF7KJL8VQ5ZA3SVC""",Ali Shaheed,"=""Ali Shaheed""",26-09-2026 17-00-00 Favara,432.02,,268062.38
2026/09/27,2026/09/27,Favara Credit,"=""RBUR3XXXV85EKTPGXC""","=""FT1U9FCF67WSE0ZXHQ""",Freelance Client 4,"=""Freelance Client 4""",27-09-2026 09-00-00 Favara,,485.19,268547.57
2026/09/28,2026/09/28,Favara Credit,"=""RBYSK1JP3MZS49PB3P""","=""FT1DO57J3UJAOYWSKY""",Hussain Shafeeq,"=""Hussain Shafeeq""",28-09-2026 01-00-00 Favara,,63.36,268610.93
2026/09/28,2026/09/28,Transfer Credit,"=""RBL4CF2QPF8FG7R67H""","=""FTBKVVMXF3HXLXSNI3""",Ahmed Rasheed,"=""Ahmed Rasheed""",28-09-2026 17-00-00 Internet Banking,,115.00,268725.93
2026/09/29,2026/09/29,Transfer Debit,"=""RB3A6O1KXS4627WP5B""","=""FTKXCUIRS5D46LN6H4""",Digitopia Pvt Ltd,"=""Digitopia Pvt Ltd""",29-09-2026 09-00-00 Internet Banking,168.17,,268557.76
2026/09/30,2026/09/30,Favara Debit,"=""RBJN6VQ7Q07HWUS7IY""","=""FT7XURGTBEF0G4VV41""",My Other Bank Account,"=""My Other Bank Account""",30-09-2026 01-00-00 Favara,221.34,,268336.42
2026/09/30,2026/09/30,Favara Credit,"=""RB7LRKEPMZ3JJ3FAYN""","=""FTUIVI2NT7GVXN2UFD""",My Other Bank Account,"=""My Other Bank Account""",30-09-2026 17-00-00 Favara,,274.51,268610.93
2026/10/01,2026/10/01,Purchase,"=""RBW3YPE9M7CP5V3M9I""","=""FTQ8XKTAFZHUIOAD8D""",01-10-2026,"=""Red Banana""",01-10-2026 09-00-00,327.68,,268283.25
2026/10/02,2026/10/02,Purchase,"=""RBY1DWZCHWB5TPP8KT""","=""FT3K54NHUW3D0VXK4E""",02-10-2026,"=""Avas Ride""",02-10-2026 01-00-00,380.85,,267902.40
2026/10/02,2026/10/02,Purchase,"=""RBOSKBPRFB2W7T3V59""","=""FTFGI3KIF1SUL5AR6P""",02-10-2026,"=""AliExpress""",02-10-2026 17-00-00,434.02,,267468.38
2026/10/03,2026/10/03,Purchase,"=""RBWGV5W2JSLDJVM160""","=""FTGK35B2M0NUUJP1MR""",03-10-2026,"=""MPGOOGLE Google One""",03-10-2026 09-00-00,487.19,,266981.19
2026/10/04,2026/10/04,Bill Payment,"=""RBK9JJ9O406EOEYJHR""","=""FTRW8GW6LP8HG7B1WZ""",04-10-2026,"=""Dhiraagu BILLPAY""",04-10-2026 01-00-00,65.36,,266915.83
2026/10/04,2026/10/04,Salary,"=""RBQDZPW0JHMQGSGT6X""","=""FTBV7O85624VQANT1X""",Synthetic Employer Pvt Ltd,"=""Synthetic Employer Pvt Ltd""",04-10-2026 17-00-00,,10158.00,277073.83
2026/10/05,2026/10/05,ATM Withdrawal,"=""RB9S6EAZEDO7PNO6VU""","=""FT5IQH0OUFE18E4T90""",ATM Cash Withdrawal,"=""ATM Cash Withdrawal""",05-10-2026 09-00-00,170.17,,276903.66
2026/10/06,2026/10/06,Credit Card Payment,"=""RBP1CZGJF98TMQT5DK""","=""FT1J6ILF0GQCEK6QST""",BML Credit Card Payment,"=""BML Credit Card Payment""",06-10-2026 01-00-00,223.34,,276680.32
2026/10/06,2026/10/06,Favara Debit,"=""RBNANRY2CMY3ZCP4VZ""","=""FTS3MTAJCWQ7TT2VT6""",Hussain Shafeeq,"=""Hussain Shafeeq""",06-10-2026 17-00-00 Favara,276.51,,276403.81
2026/10/07,2026/10/07,Transfer Debit,"=""RBI2BLHV108TQ67JMT""","=""FT6B1EB314UEBWHSJG""",Ali Shaheed,"=""Ali Shaheed""",07-10-2026 09-00-00 Internet Banking,329.68,,276074.13
2026/10/08,2026/10/08,Favara Debit,"=""RBL99JE0TMZCOMRBSM""","=""FT2SB5U3IAO9ZAUSDF""",Mariyam Naaz,"=""Mariyam Naaz""",08-10-2026 01-00-00 Favara,382.85,,275691.28
2026/10/08,2026/10/08,Favara Credit,"=""RB0R4POCGMJP0DOE06""","=""FT8416GR3DY0IW0OC1""",Freelance Client 1,"=""Freelance Client 1""",08-10-2026 17-00-00 Favara,,436.02,276127.30
2026/10/09,2026/10/09,Favara Credit,"=""RB3LNOQWXTAJR5ENT8""","=""FTWP6A64TPQWBVCMHJ""",Ali Shaheed,"=""Ali Shaheed""",09-10-2026 09-00-00 Favara,,489.19,276616.49
2026/10/10,2026/10/10,Transfer Credit,"=""RBZIRY37KJSAL31GHU""","=""FT671LPI0404M9ZM24""",Hussain Shafeeq,"=""Hussain Shafeeq""",10-10-2026 01-00-00 Internet Banking,,67.36,276683.85
2026/10/10,2026/10/10,Transfer Debit,"=""RB1G4O07AJJX99B9QG""","=""FT21E7OC8F998Y2679""",Echbees LLP,"=""Echbees LLP""",10-10-2026 17-00-00 Internet Banking,119.00,,276564.85
2026/10/11,2026/10/11,Favara Debit,"=""RB7L5BL5MYLEOCX9ZT""","=""FTEA6CIAGWMG6ANEZ3""",My Other Bank Account,"=""My Other Bank Account""",11-10-2026 09-00-00 Favara,172.17,,276392.68
2026/10/12,2026/10/12,Favara Credit,"=""RBHAVZGDKB9VPE3E5Z""","=""FT0BXY3CFV1OM5PMPR""",My Other Bank Account,"=""My Other Bank Account""",12-10-2026 01-00-00 Favara,,225.34,276618.02
2026/10/12,2026/10/12,Purchase,"=""RBXUCX1M442EFC2DSJ""","=""FTVT5C65EOD25DOZO9""",12-10-2026,"=""Villa Mart""",12-10-2026 17-00-00,278.51,,276339.51
2026/10/13,2026/10/13,Purchase,"=""RBGFANDF0PRFQM8J30""","=""FT7Y4YB3BHWQF8WVBR""",13-10-2026,"=""Avas Ride""",13-10-2026 09-00-00,331.68,,276007.83
2026/10/14,2026/10/14,Purchase,"=""RBI1N9WOXPIP2C11UJ""","=""FTK7TH8NKPMDTC4ZLH""",14-10-2026,"=""AliExpress""",14-10-2026 01-00-00,384.85,,275622.98
2026/10/14,2026/10/14,Purchase,"=""RBXFJCGYLFNIXXWZMY""","=""FTWTL85K2OO6P18S2C""",14-10-2026,"=""MPGOOGLE YouTube Premium""",14-10-2026 17-00-00,438.02,,275184.96
2026/10/15,2026/10/15,Bill Payment,"=""RB0NXIHFY7JMIQ0IF7""","=""FTALAIFG8D9V2SJW8O""",15-10-2026,"=""STELCO BILLPAY""",15-10-2026 09-00-00,491.19,,274693.77
2026/10/16,2026/10/16,Salary,"=""RBFQ2ZJ3FJYYPT8AT2""","=""FTJMSI0NA0VKJKLDV6""",Synthetic Employer Pvt Ltd,"=""Synthetic Employer Pvt Ltd""",16-10-2026 01-00-00,,11807.00,286500.77
2026/10/16,2026/10/16,ATM Withdrawal,"=""RBWKOUPNKAR13XOBMH""","=""FTK5518QOQRQTARK9V""",ATM Cash Withdrawal,"=""ATM Cash Withdrawal""",16-10-2026 17-00-00,121.00,,286379.77
2026/10/17,2026/10/17,Credit Card Payment,"=""RBQDKRIPSN7J3DC9ND""","=""FTTEJZU7TI7GGARVI9""",BML Credit Card Payment,"=""BML Credit Card Payment""",17-10-2026 09-00-00,174.17,,286205.60
2026/10/18,2026/10/18,Favara Debit,"=""RBUYA2T6X9TSJR6D1V""","=""FTK116V7X9ZRASQOEX""",Ali Shaheed,"=""Ali Shaheed""",18-10-2026 01-00-00 Favara,227.34,,285978.26
2026/10/18,2026/10/18,Transfer Debit,"=""RB44OJW8DQHAH9DW1T""","=""FT2DZRMAPKX6YKTSLY""",Mariyam Naaz,"=""Mariyam Naaz""",18-10-2026 17-00-00 Internet Banking,280.51,,285697.75
2026/10/19,2026/10/19,Favara Debit,"=""RBMVC09RNKTBD9D83E""","=""FTX4BY5SB8FYOTVFJ5""",Fathimath Leeza,"=""Fathimath Leeza""",19-10-2026 09-00-00 Favara,333.68,,285364.07
2026/10/20,2026/10/20,Favara Credit,"=""RBO7F23IUANEFXV7J4""","=""FT8FJEZ3ROAR7TE2OC""",Freelance Client 2,"=""Freelance Client 2""",20-10-2026 01-00-00 Favara,,386.85,285750.92
2026/10/20,2026/10/20,Favara Credit,"=""RB02LTVUB0S0KYGZEN""","=""FTIGO5U26AFKDD2LJJ""",Mariyam Naaz,"=""Mariyam Naaz""",20-10-2026 17-00-00 Favara,,440.02,286190.94
2026/10/21,2026/10/21,Transfer Credit,"=""RB2BJRYAUK5X0ZO4C2""","=""FTHCXOK2T4MYGLXVMO""",Ali Shaheed,"=""Ali Shaheed""",21-10-2026 09-00-00 Internet Banking,,493.19,286684.13
2026/10/22,2026/10/22,Transfer Debit,"=""RBV7F7Z4K63L2YXDL1""","=""FT2N1OQQVM8BWED6RT""",Coral Works LLP,"=""Coral Works LLP""",22-10-2026 01-00-00 Internet Banking,71.36,,286612.77
2026/10/22,2026/10/22,Favara Debit,"=""RB5C015I6XV38P625I""","=""FTNYQ3CW6OAO14OKD1""",My Other Bank Account,"=""My Other Bank Account""",22-10-2026 17-00-00 Favara,123.00,,286489.77
2026/10/23,2026/10/23,Favara Credit,"=""RB8BZXCE1DIF2SE6TB""","=""FT1BIV6FDTEUNGH4ZE""",My Other Bank Account,"=""My Other Bank Account""",23-10-2026 09-00-00 Favara,,176.17,286665.94
2026/10/24,2026/10/24,Purchase,"=""RBSAI4LY9LPM79ZJX0""","=""FTUR2PGMKOIF621BD1""",24-10-2026,"=""Coral Cafe""",24-10-2026 01-00-00,229.34,,286436.60
2026/10/24,2026/10/24,Purchase,"=""RBAVKIQZCR5R1QQY8P""","=""FT88LOX4TTIL3UWB38""",24-10-2026,"=""Avas Ride""",24-10-2026 17-00-00,282.51,,286154.09
2026/10/25,2026/10/25,Purchase,"=""RBLH29M212S3SF19LO""","=""FTBS2YVK5P50FVDKM3""",25-10-2026,"=""AliExpress""",25-10-2026 09-00-00,335.68,,285818.41
2026/10/26,2026/10/26,Purchase,"=""RB42182O39IH8G7HWH""","=""FTAPRU23T6WZDRR5C8""",26-10-2026,"=""MPGOOGLE Google One""",26-10-2026 01-00-00,388.85,,285429.56
2026/10/26,2026/10/26,Bill Payment,"=""RBIOCTS7835W41L0MW""","=""FT3AKBBMM71GW995CD""",26-10-2026,"=""Dhiraagu BILLPAY""",26-10-2026 17-00-00,442.02,,284987.54
2026/10/27,2026/10/27,Salary,"=""RBT9Q21FSWDXHP8II7""","=""FTV7MIJD6VPQUDHQOW""",Synthetic Employer Pvt Ltd,"=""Synthetic Employer Pvt Ltd""",27-10-2026 09-00-00,,13456.00,298443.54
2026/10/28,2026/10/28,ATM Withdrawal,"=""RBUX5VLLSKXXWRQVVC""","=""FT4836CO4FMPG6Y3LD""",ATM Cash Withdrawal,"=""ATM Cash Withdrawal""",28-10-2026 01-00-00,73.36,,298370.18
2026/10/28,2026/10/28,Credit Card Payment,"=""RBTC7OWUWNY3FU81PG""","=""FTOZTEQEN3K5QJY2BF""",BML Credit Card Payment,"=""BML Credit Card Payment""",28-10-2026 17-00-00,125.00,,298245.18
2026/10/29,2026/10/29,Favara Debit,"=""RBHDQFIQYI52ZI8HLB""","=""FTWX7484PH7606W3LR""",Mariyam Naaz,"=""Mariyam Naaz""",29-10-2026 09-00-00 Favara,178.17,,298067.01
2026/10/30,2026/10/30,Transfer Debit,"=""RB7A2JHMUPBTEX8Y9H""","=""FT54QIAPVQK3KZVH0L""",Fathimath Leeza,"=""Fathimath Leeza""",30-10-2026 01-00-00 Internet Banking,231.34,,297835.67
2026/10/30,2026/10/30,Favara Debit,"=""RBNNDR4DFG9WDU31DU""","=""FTX4PHVMQB2VY6EA9B""",Ahmed Rasheed,"=""Ahmed Rasheed""",30-10-2026 17-00-00 Favara,284.51,,297551.16
2026/10/31,2026/10/31,Favara Credit,"=""RBANO8181A9ZR4F675""","=""FTXW9UM5HAL27G4JKR""",Freelance Client 3,"=""Freelance Client 3""",31-10-2026 09-00-00 Favara,,337.68,297888.84
2026/11/01,2026/11/01,Favara Credit,"=""RBD6GH0UG827D8IS0S""","=""FT7UUE4UF9OKO5CDXT""",Fathimath Leeza,"=""Fathimath Leeza""",01-11-2026 01-00-00 Favara,,390.85,298279.69
2026/11/01,2026/11/01,Transfer Credit,"=""RBR4YHE6RJKXAYJ132""","=""FTX5S3DCUC2AODG705""",Mariyam Naaz,"=""Mariyam Naaz""",01-11-2026 17-00-00 Internet Banking,,444.02,298723.71
2026/11/02,2026/11/02,Transfer Debit,"=""RBQ1SI3MPHZGZ6R2R2""","=""FTWPPBEXQOMXZ1UCVZ""",Digitopia Pvt Ltd,"=""Digitopia Pvt Ltd""",02-11-2026 09-00-00 Internet Banking,497.19,,298226.52
2026/11/03,2026/11/03,Favara Debit,"=""RB8RHJWO75D5ELCUA0""","=""FTN12GT75NTPRN9SCI""",My Other Bank Account,"=""My Other Bank Account""",03-11-2026 01-00-00 Favara,75.36,,298151.16
2026/11/03,2026/11/03,Favara Credit,"=""RBIOP61QGO1FDEVJ4J""","=""FTPREOQ65AC301DU5E""",My Other Bank Account,"=""My Other Bank Account""",03-11-2026 17-00-00 Favara,,127.00,298278.16
2026/11/04,2026/11/04,Purchase,"=""RBMH1RU65U3PD1ME7P""","=""FTUYRXPU22C6BAXEGS""",04-11-2026,"=""Red Banana""",04-11-2026 09-00-00,180.17,,298097.99
2026/11/05,2026/11/05,Purchase,"=""RBGICC91QMP7MEPFVM""","=""FTZNWJITDZJBX37EXE""",05-11-2026,"=""Avas Ride""",05-11-2026 01-00-00,233.34,,297864.65
2026/11/05,2026/11/05,Purchase,"=""RBI4FGA4X9Z1407BD9""","=""FTXD4YUUV4D4Q5NYSK""",05-11-2026,"=""AliExpress""",05-11-2026 17-00-00,286.51,,297578.14
2026/11/06,2026/11/06,Purchase,"=""RB1Y14HJZ6MGANUMRS""","=""FTBN3IXFIQK5YFI051""",06-11-2026,"=""MPGOOGLE YouTube Premium""",06-11-2026 09-00-00,339.68,,297238.46
2026/11/07,2026/11/07,Bill Payment,"=""RB5BUU5Z18P3T9RDTC""","=""FTPLXR01LZ32LQJZ9A""",07-11-2026,"=""STELCO BILLPAY""",07-11-2026 01-00-00,392.85,,296845.61
2026/11/07,2026/11/07,Salary,"=""RBOGWFUU4PNNALG031""","=""FT69JRZGG3D0DZFS1C""",Synthetic Employer Pvt Ltd,"=""Synthetic Employer Pvt Ltd""",07-11-2026 17-00-00,,10105.00,306950.61
2026/11/08,2026/11/08,ATM Withdrawal,"=""RBA55F1G5TQP2KD2VP""","=""FTCSR1SWKXTLWPHUOX""",ATM Cash Withdrawal,"=""ATM Cash Withdrawal""",08-11-2026 09-00-00,499.19,,306451.42
2026/11/09,2026/11/09,Credit Card Payment,"=""RBZK99YAKO2P2HJFV9""","=""FT2Z3JO68K12VB0QW9""",BML Credit Card Payment,"=""BML Credit Card Payment""",09-11-2026 01-00-00,77.36,,306374.06
2026/11/09,2026/11/09,Favara Debit,"=""RBY7GG43OXQ0M3W7L7""","=""FTMRCP5N94WTF69M5L""",Fathimath Leeza,"=""Fathimath Leeza""",09-11-2026 17-00-00 Favara,129.00,,306245.06
2026/11/10,2026/11/10,Transfer Debit,"=""RBR2PT3XZBH5VMYTSL""","=""FT8ZFXPNW7K1KZSWP1""",Ahmed Rasheed,"=""Ahmed Rasheed""",10-11-2026 09-00-00 Internet Banking,182.17,,306062.89
2026/11/11,2026/11/11,Favara Debit,"=""RBVURXDP2Z3EBMSTQZ""","=""FTFQTUK4IPNWRJVI8U""",Hussain Shafeeq,"=""Hussain Shafeeq""",11-11-2026 01-00-00 Favara,235.34,,305827.55
2026/11/11,2026/11/11,Favara Credit,"=""RBI9CSZJZJU33YHFKQ""","=""FTMX5MVP7W528I7SLR""",Freelance Client 4,"=""Freelance Client 4""",11-11-2026 17-00-00 Favara,,288.51,306116.06
2026/11/12,2026/11/12,Favara Credit,"=""RBWWFD80Y5M1Z2HEDE""","=""FTLGVWE6A8OLNYA4JC""",Ahmed Rasheed,"=""Ahmed Rasheed""",12-11-2026 09-00-00 Favara,,341.68,306457.74
2026/11/13,2026/11/13,Transfer Credit,"=""RBPA72LH9HH7WYUXEK""","=""FT0CQEXATD3D6BUEXK""",Fathimath Leeza,"=""Fathimath Leeza""",13-11-2026 01-00-00 Internet Banking,,394.85,306852.59
2026/11/13,2026/11/13,Transfer Debit,"=""RBNF24SQW3T32PQOMX""","=""FTC6T8SEJBUQNB77JR""",Echbees LLP,"=""Echbees LLP""",13-11-2026 17-00-00 Internet Banking,448.02,,306404.57
2026/11/14,2026/11/14,Favara Debit,"=""RBLUD1J1GKADI95L78""","=""FT6BY8VXWEO6E1CO4L""",My Other Bank Account,"=""My Other Bank Account""",14-11-2026 09-00-00 Favara,26.19,,306378.38
2026/11/15,2026/11/15,Favara Credit,"=""RBALU9VKE3KYMKLCHL""","=""FTY3JBM6I1HU5UAZU4""",My Other Bank Account,"=""My Other Bank Account""",15-11-2026 01-00-00 Favara,,79.36,306457.74
2026/11/15,2026/11/15,Purchase,"=""RBMSOE4UILM8HORX4Z""","=""FTILQS93HBTY9PAPZI""",15-11-2026,"=""Villa Mart""",15-11-2026 17-00-00,131.00,,306326.74
2026/11/16,2026/11/16,Purchase,"=""RBVY3CF0N0X3IFR855""","=""FTR5X8HNL5U13MVX1I""",16-11-2026,"=""Avas Ride""",16-11-2026 09-00-00,184.17,,306142.57
2026/11/17,2026/11/17,Purchase,"=""RBM5IGMVPCX0QT4S4V""","=""FTF1AUYMD6ZLR7TDZK""",17-11-2026,"=""AliExpress""",17-11-2026 01-00-00,237.34,,305905.23
2026/11/17,2026/11/17,Purchase,"=""RB80UB9FKJ3UL5MGE2""","=""FTVOV9L8S481J74BCY""",17-11-2026,"=""MPGOOGLE Google One""",17-11-2026 17-00-00,290.51,,305614.72
2026/11/18,2026/11/18,Bill Payment,"=""RB4SY4L9C1JLMW1F4B""","=""FTCXBEG93X0137AVXO""",18-11-2026,"=""Dhiraagu BILLPAY""",18-11-2026 09-00-00,343.68,,305271.04
2026/11/19,2026/11/19,Salary,"=""RBDCMGVOOF8YHW6U2R""","=""FTK644VSNC7XPT7CJW""",Synthetic Employer Pvt Ltd,"=""Synthetic Employer Pvt Ltd""",19-11-2026 01-00-00,,11754.00,317025.04
2026/11/19,2026/11/19,ATM Withdrawal,"=""RBQO5BU32Q9VHBX6HC""","=""FTEJ9H8I7F9A30FVC1""",ATM Cash Withdrawal,"=""ATM Cash Withdrawal""",19-11-2026 17-00-00,450.02,,316575.02
2026/11/20,2026/11/20,Credit Card Payment,"=""RBSJ5I766BL4ZZ0LAX""","=""FTMEP1I6QXK9SUS0XM""",BML Credit Card Payment,"=""BML Credit Card Payment""",20-11-2026 09-00-00,28.19,,316546.83
2026/11/21,2026/11/21,Favara Debit,"=""RBR0LSDCBBHY2QSOW8""","=""FTLPSQQBFYVZIB50GI""",Ahmed Rasheed,"=""Ahmed Rasheed""",21-11-2026 01-00-00 Favara,81.36,,316465.47
2026/11/21,2026/11/21,Transfer Debit,"=""RBM71QCWY9OHER5QM6""","=""FTNH9K27PZ60GSQGEY""",Hussain Shafeeq,"=""Hussain Shafeeq""",21-11-2026 17-00-00 Internet Banking,133.00,,316332.47
2026/11/22,2026/11/22,Favara Debit,"=""RBWBDTBEIUPJ13MBIM""","=""FTKT39QVAIPFQ4396M""",Ali Shaheed,"=""Ali Shaheed""",22-11-2026 09-00-00 Favara,186.17,,316146.30
2026/11/23,2026/11/23,Favara Credit,"=""RBMYEYUYRTC9JRT4DY""","=""FTP0CQJ3UG60GKJ8PF""",Freelance Client 1,"=""Freelance Client 1""",23-11-2026 01-00-00 Favara,,239.34,316385.64
2026/11/23,2026/11/23,Favara Credit,"=""RBP90029VO1FD38AH9""","=""FTPHWJJ85ZUSXJG4ZJ""",Hussain Shafeeq,"=""Hussain Shafeeq""",23-11-2026 17-00-00 Favara,,292.51,316678.15
2026/11/24,2026/11/24,Transfer Credit,"=""RBKZKFVBOEAFKBOZ7Q""","=""FTVD0YPDWJO38UVJ91""",Ahmed Rasheed,"=""Ahmed Rasheed""",24-11-2026 09-00-00 Internet Banking,,345.68,317023.83
2026/11/25,2026/11/25,Transfer Debit,"=""RBMTKPT2R6KWPEN0JJ""","=""FTEDA8K4051FA5BX2B""",Coral Works LLP,"=""Coral Works LLP""",25-11-2026 01-00-00 Internet Banking,398.85,,316624.98
2026/11/25,2026/11/25,Favara Debit,"=""RBF56TEZ3RB6OANP13""","=""FTUO3ILOB0SZAQGC3Z""",My Other Bank Account,"=""My Other Bank Account""",25-11-2026 17-00-00 Favara,452.02,,316172.96
2026/11/26,2026/11/26,Favara Credit,"=""RB2HP8ODQAEN3AEV44""","=""FT57L3YCSNE29F74DM""",My Other Bank Account,"=""My Other Bank Account""",26-11-2026 09-00-00 Favara,,30.19,316203.15
2026/11/27,2026/11/27,Purchase,"=""RBEZYNV6WZNMC7TW8R""","=""FTU42J5L7NMXDBGDVJ""",27-11-2026,"=""Coral Cafe""",27-11-2026 01-00-00,83.36,,316119.79
2026/11/27,2026/11/27,Purchase,"=""RB5GLNH4GS5M2FPPN7""","=""FT0QORASHZT7Z7C753""",27-11-2026,"=""Avas Ride""",27-11-2026 17-00-00,135.00,,315984.79
2026/11/28,2026/11/28,Purchase,"=""RB379T3X4E5IFR508N""","=""FTIS6I1PJ4ZEAPLVFV""",28-11-2026,"=""AliExpress""",28-11-2026 09-00-00,188.17,,315796.62
2026/11/29,2026/11/29,Purchase,"=""RBTF3WPVFD6X7DOPE2""","=""FTYGGA5E7F69G16OAW""",29-11-2026,"=""MPGOOGLE YouTube Premium""",29-11-2026 01-00-00,241.34,,315555.28
2026/11/29,2026/11/29,Bill Payment,"=""RBSMRSBIUKAKUMVQ4V""","=""FTX2SQPC8PCQ3C57MF""",29-11-2026,"=""STELCO BILLPAY""",29-11-2026 17-00-00,294.51,,315260.77
2026/11/30,2026/11/30,Salary,"=""RBCNTW9QEFBU7O31ZL""","=""FTIUXZTI6WJWMQACVW""",Synthetic Employer Pvt Ltd,"=""Synthetic Employer Pvt Ltd""",30-11-2026 09-00-00,,13403.00,328663.77
2026/12/01,2026/12/01,ATM Withdrawal,"=""RBOAVEXPHLS2MN7R8X""","=""FTHJVVDQ31G9MFU52F""",ATM Cash Withdrawal,"=""ATM Cash Withdrawal""",01-12-2026 01-00-00,400.85,,328262.92
2026/12/01,2026/12/01,Credit Card Payment,"=""RB7ZTISYSW6DQ8KI1Q""","=""FTLKSY80B59PVFOBY6""",BML Credit Card Payment,"=""BML Credit Card Payment""",01-12-2026 17-00-00,454.02,,327808.90
2026/12/02,2026/12/02,Favara Debit,"=""RBXGVFL2WE03URHIDH""","=""FTLDM5V04CBL2ZFVB3""",Hussain Shafeeq,"=""Hussain Shafeeq""",02-12-2026 09-00-00 Favara,32.19,,327776.71
2026/12/03,2026/12/03,Transfer Debit,"=""RBHC8EX5IQVIROB8HU""","=""FTYY23EV64TUX6F4HL""",Ali Shaheed,"=""Ali Shaheed""",03-12-2026 01-00-00 Internet Banking,85.36,,327691.35
2026/12/03,2026/12/03,Favara Debit,"=""RBXXVPPULWZKR8H7DQ""","=""FT15R4KNDRHQKCPS44""",Mariyam Naaz,"=""Mariyam Naaz""",03-12-2026 17-00-00 Favara,137.00,,327554.35
2026/12/04,2026/12/04,Favara Credit,"=""RBCLW8OW6OQ9GMYF66""","=""FT5EG6Q8IJ979HSL7S""",Freelance Client 2,"=""Freelance Client 2""",04-12-2026 09-00-00 Favara,,190.17,327744.52
2026/12/05,2026/12/05,Favara Credit,"=""RBR3YJUZALKT7BW9Y3""","=""FTDAD69FCCT1KKZ9MZ""",Ali Shaheed,"=""Ali Shaheed""",05-12-2026 01-00-00 Favara,,243.34,327987.86
2026/12/05,2026/12/05,Transfer Credit,"=""RB3H9YTY2H95ME2R94""","=""FT2CRSNYJFSINRTUL9""",Hussain Shafeeq,"=""Hussain Shafeeq""",05-12-2026 17-00-00 Internet Banking,,296.51,328284.37
2026/12/06,2026/12/06,Transfer Debit,"=""RBTMFDT3DD9D0PZQA2""","=""FTOT7KO6JGJFFUSP1S""",Digitopia Pvt Ltd,"=""Digitopia Pvt Ltd""",06-12-2026 09-00-00 Internet Banking,349.68,,327934.69
2026/12/07,2026/12/07,Favara Debit,"=""RBQRWVW0EV4EOV4NOT""","=""FTG8P5QE8FPF753RW4""",My Other Bank Account,"=""My Other Bank Account""",07-12-2026 01-00-00 Favara,402.85,,327531.84
2026/12/07,2026/12/07,Favara Credit,"=""RBRF2VSKX57XDXA7TO""","=""FT47D7BXVUCR3GQPCX""",My Other Bank Account,"=""My Other Bank Account""",07-12-2026 17-00-00 Favara,,456.02,327987.86
2026/12/08,2026/12/08,Purchase,"=""RBSJQG4V5BQJVHF81U""","=""FTDBFF2U1HWHLUR5F8""",08-12-2026,"=""Red Banana""",08-12-2026 09-00-00,34.19,,327953.67
2026/12/09,2026/12/09,Purchase,"=""RBMN0MDCFZ14VG9QTQ""","=""FTZU8D4JH4OJ0473RB""",09-12-2026,"=""Avas Ride""",09-12-2026 01-00-00,87.36,,327866.31
2026/12/09,2026/12/09,Purchase,"=""RBMYGZ0AEX0VKB9BB5""","=""FTAYOBQ4BHKZAE0O4P""",09-12-2026,"=""AliExpress""",09-12-2026 17-00-00,139.00,,327727.31
2026/12/10,2026/12/10,Purchase,"=""RB2N0BNPA2FF5BRMAV""","=""FT2O0P74F4ZNIZNNLV""",10-12-2026,"=""MPGOOGLE Google One""",10-12-2026 09-00-00,192.17,,327535.14
2026/12/11,2026/12/11,Bill Payment,"=""RBY1BRH21FA91XQRTK""","=""FTAO85ZJVIO2AGIFM4""",11-12-2026,"=""Dhiraagu BILLPAY""",11-12-2026 01-00-00,245.34,,327289.80
2026/12/11,2026/12/11,Salary,"=""RB0O8Q2D02JU00XVZL""","=""FTWUC1B2KTTOYW3FF2""",Synthetic Employer Pvt Ltd,"=""Synthetic Employer Pvt Ltd""",11-12-2026 17-00-00,,10052.00,337341.80
2026/12/12,2026/12/12,ATM Withdrawal,"=""RBOPIWBC3FH02PA10F""","=""FTMHR1BDJ5TQ6N0WOT""",ATM Cash Withdrawal,"=""ATM Cash Withdrawal""",12-12-2026 09-00-00,351.68,,336990.12
2026/12/13,2026/12/13,Credit Card Payment,"=""RB9VQMNQCINK7ZAVEZ""","=""FTT1X20ZQKI8OAAM7G""",BML Credit Card Payment,"=""BML Credit Card Payment""",13-12-2026 01-00-00,404.85,,336585.27
2026/12/13,2026/12/13,Favara Debit,"=""RBL1NJP7T0B6YJXDX3""","=""FTD7P394Y31JWQXVNK""",Ali Shaheed,"=""Ali Shaheed""",13-12-2026 17-00-00 Favara,458.02,,336127.25
2026/12/14,2026/12/14,Transfer Debit,"=""RBWWQVE0GGIREQZY1Y""","=""FTLTN7POY2VZS4NITJ""",Mariyam Naaz,"=""Mariyam Naaz""",14-12-2026 09-00-00 Internet Banking,36.19,,336091.06
2026/12/15,2026/12/15,Favara Debit,"=""RBIXDV8193SI03TGJR""","=""FTS6MYIEL8QL4TW2MM""",Fathimath Leeza,"=""Fathimath Leeza""",15-12-2026 01-00-00 Favara,89.36,,336001.70
2026/12/15,2026/12/15,Favara Credit,"=""RBO4KICDDWCIBY2T8Z""","=""FTE93UNUAKS0SGFI9O""",Freelance Client 3,"=""Freelance Client 3""",15-12-2026 17-00-00 Favara,,141.00,336142.70
2026/12/16,2026/12/16,Favara Credit,"=""RBNAZFFDXE40VPKWXU""","=""FT7IX02CXUXMS3I8NS""",Mariyam Naaz,"=""Mariyam Naaz""",16-12-2026 09-00-00 Favara,,194.17,336336.87
2026/12/17,2026/12/17,Transfer Credit,"=""RBLY36QFMH2Y56EVIH""","=""FTENPC24FQHVU4IEK1""",Ali Shaheed,"=""Ali Shaheed""",17-12-2026 01-00-00 Internet Banking,,247.34,336584.21
2026/12/17,2026/12/17,Transfer Debit,"=""RBNQCIXB0DHI2Y9ZMN""","=""FTR3I7KDR13P5FIZ4R""",Echbees LLP,"=""Echbees LLP""",17-12-2026 17-00-00 Internet Banking,300.51,,336283.70
2026/12/18,2026/12/18,Favara Debit,"=""RBHDU32FOZ1ECBJ4G0""","=""FTE3Z5K4FX1I6UNEH4""",My Other Bank Account,"=""My Other Bank Account""",18-12-2026 09-00-00 Favara,353.68,,335930.02
2026/12/19,2026/12/19,Favara Credit,"=""RBIK2C5PBHZP2PWB33""","=""FTTV6H07SC6QONN80Y""",My Other Bank Account,"=""My Other Bank Account""",19-12-2026 01-00-00 Favara,,406.85,336336.87
2026/12/19,2026/12/19,Purchase,"=""RBXTGF2B9HMUWNFKS9""","=""FTLGO75FQE0JA00YSL""",19-12-2026,"=""Villa Mart""",19-12-2026 17-00-00,460.02,,335876.85
2026/12/20,2026/12/20,Purchase,"=""RBUZK4RT0V40SNTCNJ""","=""FTK2D368KEPCUEDG43""",20-12-2026,"=""Avas Ride""",20-12-2026 09-00-00,38.19,,335838.66
2026/12/21,2026/12/21,Purchase,"=""RBR9GW25TL9WR1MVHA""","=""FTBSND04E51SZLRBGP""",21-12-2026,"=""AliExpress""",21-12-2026 01-00-00,91.36,,335747.30
2026/12/21,2026/12/21,Purchase,"=""RBDI5B0VWYE27F0OP5""","=""FTGFYMHHBI8F50DJDT""",21-12-2026,"=""MPGOOGLE YouTube Premium""",21-12-2026 17-00-00,143.00,,335604.30
2026/12/22,2026/12/22,Bill Payment,"=""RBK8KOKUBL172EBG9H""","=""FTTAIDEAS07O5FYZD4""",22-12-2026,"=""STELCO BILLPAY""",22-12-2026 09-00-00,196.17,,335408.13
2026/12/23,2026/12/23,Salary,"=""RB427IRI385IA09391""","=""FTPWABPKK7PANMR9JS""",Synthetic Employer Pvt Ltd,"=""Synthetic Employer Pvt Ltd""",23-12-2026 01-00-00,,11701.00,347109.13
2026/12/23,2026/12/23,ATM Withdrawal,"=""RBWWR1ERXCLXNMXC4R""","=""FT5KB5BIX7ZZE9QV68""",ATM Cash Withdrawal,"=""ATM Cash Withdrawal""",23-12-2026 17-00-00,302.51,,346806.62
2026/12/24,2026/12/24,Credit Card Payment,"=""RB1ZY7OY1JSJRHN3LG""","=""FTLUTRZOR9R7KG8007""",BML Credit Card Payment,"=""BML Credit Card Payment""",24-12-2026 09-00-00,355.68,,346450.94
2026/12/25,2026/12/25,Favara Debit,"=""RB6PU1GFZ0UGJZQMSW""","=""FT6MJU675TIWHJKNKK""",Mariyam Naaz,"=""Mariyam Naaz""",25-12-2026 01-00-00 Favara,408.85,,346042.09
2026/12/25,2026/12/25,Transfer Debit,"=""RBB9WGMKJXJEHZBTDD""","=""FT41WJ5N0PUAW34MPY""",Fathimath Leeza,"=""Fathimath Leeza""",25-12-2026 17-00-00 Internet Banking,462.02,,345580.07
2026/12/26,2026/12/26,Favara Debit,"=""RBT8X3C4KEM6FTTU7H""","=""FTELLDD2UUIP2B20B7""",Ahmed Rasheed,"=""Ahmed Rasheed""",26-12-2026 09-00-00 Favara,40.19,,345539.88
2026/12/27,2026/12/27,Favara Credit,"=""RB3FYLLTBLJRLTE5SR""","=""FTU92TTC6DS9IAZWZW""",Freelance Client 4,"=""Freelance Client 4""",27-12-2026 01-00-00 Favara,,93.36,345633.24
2026/12/27,2026/12/27,Favara Credit,"=""RBM04E7RXKRBIWQ4PP""","=""FTQOCOYWT7HERS6C2Y""",Fathimath Leeza,"=""Fathimath Leeza""",27-12-2026 17-00-00 Favara,,145.00,345778.24
2026/12/28,2026/12/28,Transfer Credit,"=""RBSZ4OVVAF8HVN4KHG""","=""FTIRGCTNIJD5YHJZSR""",Mariyam Naaz,"=""Mariyam Naaz""",28-12-2026 09-00-00 Internet Banking,,198.17,345976.41
2026/12/29,2026/12/29,Transfer Debit,"=""RBLY6SW9FX3IDV1GPR""","=""FTO9IH0OREJ1WHWS02""",Coral Works LLP,"=""Coral Works LLP""",29-12-2026 01-00-00 Internet Banking,251.34,,345725.07
2026/12/29,2026/12/29,Favara Debit,"=""RBB1VILEQ4Q2PEODNO""","=""FTMHN2NQPHI7CNTSQK""",My Other Bank Account,"=""My Other Bank Account""",29-12-2026 17-00-00 Favara,304.51,,345420.56
2026/12/30,2026/12/30,Favara Credit,"=""RBNKHX7OLCCYC2COXU""","=""FTUZR6WOG2P6GO6XYN""",My Other Bank Account,"=""My Other Bank Account""",30-12-2026 09-00-00 Favara,,357.68,345778.24
2026/12/31,2026/12/31,Purchase,"=""RB4DPJIWZ5T0L1BMZR""","=""FTOK0320QIRVSAVB5N""",31-12-2026,"=""Coral Cafe""",31-12-2026 01-00-00,410.85,,345367.39
2026/12/31,2026/12/31,Purchase,"=""RBJ9U8DPO7C9O6P0A6""","=""FTX4RYLQ0TPMEOCM61""",31-12-2026,"=""Avas Ride""",31-12-2026 17-00-00,464.02,,344903.37
2027/01/01,2027/01/01,Purchase,"=""RBVY400CCW924JPVG4""","=""FTTQDEHNVAQYJFNVCN""",01-01-2027,"=""AliExpress""",01-01-2027 09-00-00,42.19,,344861.18
2027/01/02,2027/01/02,Purchase,"=""RBX8MXZ9PNYFF1K5ES""","=""FTLAONOQ3C2GPU5QOZ""",02-01-2027,"=""MPGOOGLE Google One""",02-01-2027 01-00-00,95.36,,344765.82
2027/01/02,2027/01/02,Bill Payment,"=""RB4R8NMOIBZZFFLTN8""","=""FTW47FI4R6YV3XD88B""",02-01-2027,"=""Dhiraagu BILLPAY""",02-01-2027 17-00-00,147.00,,344618.82
2027/01/03,2027/01/03,Salary,"=""RBZMUWPD83YU36J8YZ""","=""FTFR3R5TPPZOVU1IC2""",Synthetic Employer Pvt Ltd,"=""Synthetic Employer Pvt Ltd""",03-01-2027 09-00-00,,13350.00,357968.82
2027/01/04,2027/01/04,ATM Withdrawal,"=""RBQ5P0J6B21G2KFJD5""","=""FTZDVJ7PW126AMMWE8""",ATM Cash Withdrawal,"=""ATM Cash Withdrawal""",04-01-2027 01-00-00,253.34,,357715.48
2027/01/04,2027/01/04,Credit Card Payment,"=""RBXLX8AZF6YLMUCJ3O""","=""FTV2I1WHLX2EKF4IDW""",BML Credit Card Payment,"=""BML Credit Card Payment""",04-01-2027 17-00-00,306.51,,357408.97
2027/01/05,2027/01/05,Favara Debit,"=""RBVF5I7Y3J2JHFS0S8""","=""FTRIJPOQ99JIYDJG3H""",Fathimath Leeza,"=""Fathimath Leeza""",05-01-2027 09-00-00 Favara,359.68,,357049.29
2027/01/06,2027/01/06,Transfer Debit,"=""RBC1E33ENEVJ29V27K""","=""FTRDUO1A28BEE5M1TV""",Ahmed Rasheed,"=""Ahmed Rasheed""",06-01-2027 01-00-00 Internet Banking,412.85,,356636.44
2027/01/06,2027/01/06,Favara Debit,"=""RBC7VGT4NM8LKR7PM1""","=""FTIGQL922605HGIRMB""",Hussain Shafeeq,"=""Hussain Shafeeq""",06-01-2027 17-00-00 Favara,466.02,,356170.42
2027/01/07,2027/01/07,Favara Credit,"=""RBUNDJ5D1L177MB47L""","=""FTQ26G08MUUTB47L90""",Freelance Client 1,"=""Freelance Client 1""",07-01-2027 09-00-00 Favara,,44.19,356214.61
2027/01/08,2027/01/08,Favara Credit,"=""RBF2SMRM2EE6V087RS""","=""FTC6AN5H1AJD27Y8C1""",Ahmed Rasheed,"=""Ahmed Rasheed""",08-01-2027 01-00-00 Favara,,97.36,356311.97
2027/01/08,2027/01/08,Transfer Credit,"=""RB017VDRK4BYOSIW44""","=""FT1P0MEFIGIKY1G4G1""",Fathimath Leeza,"=""Fathimath Leeza""",08-01-2027 17-00-00 Internet Banking,,149.00,356460.97
2027/01/09,2027/01/09,Transfer Debit,"=""RBPYCSZYDEA9JZ5R7E""","=""FTO3NBERB1W7S1C4ZY""",Digitopia Pvt Ltd,"=""Digitopia Pvt Ltd""",09-01-2027 09-00-00 Internet Banking,202.17,,356258.80
2027/01/10,2027/01/10,Favara Debit,"=""RBN5NHA3IX218OMQBM""","=""FTJKU64RIYH5TE0X9J""",My Other Bank Account,"=""My Other Bank Account""",10-01-2027 01-00-00 Favara,255.34,,356003.46
2027/01/10,2027/01/10,Favara Credit,"=""RB3KBDYWXIBBDZSS6G""","=""FTY8MQOSS7Z2QJBNR1""",My Other Bank Account,"=""My Other Bank Account""",10-01-2027 17-00-00 Favara,,308.51,356311.97
2027/01/11,2027/01/11,Purchase,"=""RBIZHJTSV36OHUVVPD""","=""FTC4AHMD78XGUSFTSN""",11-01-2027,"=""Red Banana""",11-01-2027 09-00-00,361.68,,355950.29
2027/01/12,2027/01/12,Purchase,"=""RBMLLUZCNY56MIJB0G""","=""FTGBULYK4M1059Z93U""",12-01-2027,"=""Avas Ride""",12-01-2027 01-00-00,414.85,,355535.44
2027/01/12,2027/01/12,Purchase,"=""RBS09147T5S2Y3WCMY""","=""FTKGM0PH8W0MSFRE8E""",12-01-2027,"=""AliExpress""",12-01-2027 17-00-00,468.02,,355067.42
2027/01/13,2027/01/13,Purchase,"=""RB2OW6OB0LUTK0XISB""","=""FTJWAIKNNWIJY5UVMI""",13-01-2027,"=""MPGOOGLE YouTube Premium""",13-01-2027 09-00-00,46.19,,355021.23
2027/01/14,2027/01/14,Bill Payment,"=""RBU3DYX0HLBPGI9BJE""","=""FTNHZWEYAT7CP8FGUA""",14-01-2027,"=""STELCO BILLPAY""",14-01-2027 01-00-00,99.36,,354921.87
2027/01/14,2027/01/14,Salary,"=""RBFPSZMKYZF7DHVW2U""","=""FTHGOHRZ40UZ50TECX""",Synthetic Employer Pvt Ltd,"=""Synthetic Employer Pvt Ltd""",14-01-2027 17-00-00,,14999.00,369920.87
2027/01/15,2027/01/15,ATM Withdrawal,"=""RBII9JY3BF2A861V2H""","=""FT88JUSDCWJGCXZU5Y""",ATM Cash Withdrawal,"=""ATM Cash Withdrawal""",15-01-2027 09-00-00,204.17,,369716.70
2027/01/16,2027/01/16,Credit Card Payment,"=""RBVFEU7LZEEB3WOM7P""","=""FTFQ9ZF5EY4JFLE4PD""",BML Credit Card Payment,"=""BML Credit Card Payment""",16-01-2027 01-00-00,257.34,,369459.36
2027/01/16,2027/01/16,Favara Debit,"=""RBIEANWL9ZY8CMBIVQ""","=""FTYJVHZC2I8ZLJKB4H""",Ahmed Rasheed,"=""Ahmed Rasheed""",16-01-2027 17-00-00 Favara,310.51,,369148.85
2027/01/17,2027/01/17,Transfer Debit,"=""RBRXJ8H6I5OSKT9P7L""","=""FTXUQL9N1REIBC9HQD""",Hussain Shafeeq,"=""Hussain Shafeeq""",17-01-2027 09-00-00 Internet Banking,363.68,,368785.17
2027/01/18,2027/01/18,Favara Debit,"=""RBSUGHZGRWCYKJP75G""","=""FTYSTRNZNDQTZNP30M""",Ali Shaheed,"=""Ali Shaheed""",18-01-2027 01-00-00 Favara,416.85,,368368.32
2027/01/18,2027/01/18,Favara Credit,"=""RBSQ3UZ7V9EBDW81CZ""","=""FTHZYWJVCWZDUYCPHW""",Freelance Client 2,"=""Freelance Client 2""",18-01-2027 17-00-00 Favara,,470.02,368838.34
2027/01/19,2027/01/19,Favara Credit,"=""RBIMRFNOPSXILRPKON""","=""FTSE7MF73ELIKQ0XCY""",Hussain Shafeeq,"=""Hussain Shafeeq""",19-01-2027 09-00-00 Favara,,48.19,368886.53
2027/01/20,2027/01/20,Transfer Credit,"=""RBUF3WFPQ5Z5ID91A1""","=""FT92X6IWBOOMXL1ZLB""",Ahmed Rasheed,"=""Ahmed Rasheed""",20-01-2027 01-00-00 Internet Banking,,101.36,368987.89
2027/01/20,2027/01/20,Transfer Debit,"=""RB8ZY3EKNSJVI0RCSL""","=""FTQV1K0X3315EIJD0X""",Echbees LLP,"=""Echbees LLP""",20-01-2027 17-00-00 Internet Banking,153.00,,368834.89
2027/01/21,2027/01/21,Favara Debit,"=""RBXKP3DQUTYYXABXBC""","=""FTFCP4PHZ28VL16QVT""",My Other Bank Account,"=""My Other Bank Account""",21-01-2027 09-00-00 Favara,206.17,,368628.72
2027/01/22,2027/01/22,Favara Credit,"=""RBKK45710A5ZBQ5QWI""","=""FTW6NBZRU1L54EZU50""",My Other Bank Account,"=""My Other Bank Account""",22-01-2027 01-00-00 Favara,,259.34,368888.06
2027/01/22,2027/01/22,Purchase,"=""RBITC3P5WKKCD4UCBN""","=""FTIJAGJ5NMO8QRWF10""",22-01-2027,"=""Villa Mart""",22-01-2027 17-00-00,312.51,,368575.55
2027/01/23,2027/01/23,Purchase,"=""RB0B3DKMN7V0A5JNNC""","=""FT7W2F41L3FFK0T8NK""",23-01-2027,"=""Avas Ride""",23-01-2027 09-00-00,365.68,,368209.87
2027/01/24,2027/01/24,Purchase,"=""RBF7IXAPPJWZQEJSJ0""","=""FTZ459NAV61C4GCTOJ""",24-01-2027,"=""AliExpress""",24-01-2027 01-00-00,418.85,,367791.02
2027/01/24,2027/01/24,Purchase,"=""RBUYKFL0SU7S2GBAXE""","=""FTKON8HBVP14BJIJTW""",24-01-2027,"=""MPGOOGLE Google One""",24-01-2027 17-00-00,472.02,,367319.00
2027/01/25,2027/01/25,Bill Payment,"=""RBJ7T1OTYP2GUCPLKA""","=""FTMRT826YXHILKDCLG""",25-01-2027,"=""Dhiraagu BILLPAY""",25-01-2027 09-00-00,50.19,,367268.81
2027/01/26,2027/01/26,Salary,"=""RB4QU3OS4MKC75W7LX""","=""FTYDQ6T8JHN0ZK1752""",Synthetic Employer Pvt Ltd,"=""Synthetic Employer Pvt Ltd""",26-01-2027 01-00-00,,11648.00,378916.81
2027/01/26,2027/01/26,ATM Withdrawal,"=""RBC4Y9FBU8T1PPQB23""","=""FTQEBPKAH8Q84Z9YC7""",ATM Cash Withdrawal,"=""ATM Cash Withdrawal""",26-01-2027 17-00-00,155.00,,378761.81
2027/01/27,2027/01/27,Credit Card Payment,"=""RBCUX8VTUMCHGLQ6FV""","=""FT9VOP8TRQ59GZRC7I""",BML Credit Card Payment,"=""BML Credit Card Payment""",27-01-2027 09-00-00,208.17,,378553.64
2027/01/28,2027/01/28,Favara Debit,"=""RBL1OCNBBZ6WB4EH01""","=""FTOJ6KDTZL7ARO92KI""",Hussain Shafeeq,"=""Hussain Shafeeq""",28-01-2027 01-00-00 Favara,261.34,,378292.30
2027/01/28,2027/01/28,Transfer Debit,"=""RBQ47UF1FMZWHZG2N2""","=""FTS4LGKSRNN4WFKQD6""",Ali Shaheed,"=""Ali Shaheed""",28-01-2027 17-00-00 Internet Banking,314.51,,377977.79
2027/01/29,2027/01/29,Favara Debit,"=""RBGNCIJ2HQ9JNBPO5A""","=""FTJRONI8BDKZNRYECQ""",Mariyam Naaz,"=""Mariyam Naaz""",29-01-2027 09-00-00 Favara,367.68,,377610.11
2027/01/30,2027/01/30,Favara Credit,"=""RBKC802YMOHNY8GPD2""","=""FTN7Q7UOB5QJZD2KY7""",Freelance Client 3,"=""Freelance Client 3""",30-01-2027 01-00-00 Favara,,420.85,378030.96
2027/01/30,2027/01/30,Favara Credit,"=""RBIIGMYRIAY3MEX39R""","=""FT8TEVINW3VSJAL85J""",Ali Shaheed,"=""Ali Shaheed""",30-01-2027 17-00-00 Favara,,474.02,378504.98
2027/01/31,2027/01/31,Transfer Credit,"=""RB6F23AQWYQSISNMKY""","=""FTN6INPRW0E6N1MTKM""",Hussain Shafeeq,"=""Hussain Shafeeq""",31-01-2027 09-00-00 Internet Banking,,52.19,378557.17
2027/02/01,2027/02/01,Transfer Debit,"=""RBFI8PZLDO2I9MYOUA""","=""FT1DSCYBXDZLAGLWRQ""",Coral Works LLP,"=""Coral Works LLP""",01-02-2027 01-00-00 Internet Banking,105.36,,378451.81
2027/02/01,2027/02/01,Favara Debit,"=""RB05UHIWZLTSGFV92R""","=""FTXAGQD2Z7CW07Y2NA""",My Other Bank Account,"=""My Other Bank Account""",01-02-2027 17-00-00 Favara,157.00,,378294.81
2027/02/02,2027/02/02,Favara Credit,"=""RBTL4IVQZYV6HIWN8B""","=""FTOVIUA9O8JSYHJWTE""",My Other Bank Account,"=""My Other Bank Account""",02-02-2027 09-00-00 Favara,,210.17,378504.98
2027/02/03,2027/02/03,Purchase,"=""RB52ZNF1ZRS23RBELT""","=""FTSHS6SGV6M2UBK7LV""",03-02-2027,"=""Coral Cafe""",03-02-2027 01-00-00,263.34,,378241.64
2027/02/03,2027/02/03,Purchase,"=""RBMWD7P2OWG3LTWCRE""","=""FT0VVW4SMAUD86QJ7K""",03-02-2027,"=""Avas Ride""",03-02-2027 17-00-00,316.51,,377925.13
2027/02/04,2027/02/04,Purchase,"=""RBHNVELTZ6XKEYPV0D""","=""FTCOT9TUJA5BJEIFK5""",04-02-2027,"=""AliExpress""",04-02-2027 09-00-00,369.68,,377555.45
2027/02/05,2027/02/05,Purchase,"=""RBT7M4X0ULLFRM9TYA""","=""FT7FVBZUPG8OBYOX9G""",05-02-2027,"=""MPGOOGLE YouTube Premium""",05-02-2027 01-00-00,422.85,,377132.60
2027/02/05,2027/02/05,Bill Payment,"=""RBMTORVDOBSG1W98P7""","=""FTCNKQV644KTPZFM9Z""",05-02-2027,"=""STELCO BILLPAY""",05-02-2027 17-00-00,476.02,,376656.58
2027/02/06,2027/02/06,Salary,"=""RBEQEZ8LCOLJ1DP453""","=""FTNWMUERIBQ4GTLWWS""",Synthetic Employer Pvt Ltd,"=""Synthetic Employer Pvt Ltd""",06-02-2027 09-00-00,,13297.00,389953.58
2027/02/07,2027/02/07,ATM Withdrawal,"=""RB6P04HAH96OX4Y5MW""","=""FT5U8TGOYCFEX0PAGD""",ATM Cash Withdrawal,"=""ATM Cash Withdrawal""",07-02-2027 01-00-00,107.36,,389846.22
2027/02/07,2027/02/07,Credit Card Payment,"=""RBO7C61KVBRNXZA2E5""","=""FTVRJOA38P18IDCVM4""",BML Credit Card Payment,"=""BML Credit Card Payment""",07-02-2027 17-00-00,159.00,,389687.22
2027/02/08,2027/02/08,Favara Debit,"=""RBDK928PXLMPCAC0YI""","=""FTOV93WDUS4HIYB5U8""",Ali Shaheed,"=""Ali Shaheed""",08-02-2027 09-00-00 Favara,212.17,,389475.05
2027/02/09,2027/02/09,Transfer Debit,"=""RBXTVKQMUWXODG9TI6""","=""FTGX37TUOIRF3R03VD""",Mariyam Naaz,"=""Mariyam Naaz""",09-02-2027 01-00-00 Internet Banking,265.34,,389209.71
2027/02/09,2027/02/09,Favara Debit,"=""RBNCF2PVKKTATVDDR8""","=""FT4K930YBIW1C3EVQX""",Fathimath Leeza,"=""Fathimath Leeza""",09-02-2027 17-00-00 Favara,318.51,,388891.20
2027/02/10,2027/02/10,Favara Credit,"=""RB2YXT8FWG9KNUO6V4""","=""FTBJQBBPK7NGQIRZAE""",Freelance Client 4,"=""Freelance Client 4""",10-02-2027 09-00-00 Favara,,371.68,389262.88
2027/02/11,2027/02/11,Favara Credit,"=""RB47YA1KKUW181YQ80""","=""FTO1R7FP4UR412LIJA""",Mariyam Naaz,"=""Mariyam Naaz""",11-02-2027 01-00-00 Favara,,424.85,389687.73
2027/02/11,2027/02/11,Transfer Credit,"=""RBOXUD2MKVKICXQLDE""","=""FTVO9A3V1DE7XD38RV""",Ali Shaheed,"=""Ali Shaheed""",11-02-2027 17-00-00 Internet Banking,,478.02,390165.75
2027/02/12,2027/02/12,Transfer Debit,"=""RBGO5RIQKEANI9ST43""","=""FTLJ67WK9L75T9LOZI""",Digitopia Pvt Ltd,"=""Digitopia Pvt Ltd""",12-02-2027 09-00-00 Internet Banking,56.19,,390109.56
2027/02/13,2027/02/13,Favara Debit,"=""RB5GSGGXWC5EJJTIIF""","=""FTSP9FHQGLA3ZU0V6V""",My Other Bank Account,"=""My Other Bank Account""",13-02-2027 01-00-00 Favara,109.36,,390000.20
2027/02/13,2027/02/13,Favara Credit,"=""RBC7YNOZQ29ME2G4D0""","=""FT6U5QZGZGH20XTT39""",My Other Bank Account,"=""My Other Bank Account""",13-02-2027 17-00-00 Favara,,161.00,390161.20
2027/02/14,2027/02/14,Purchase,"=""RBQQEQIZQVXJZPVLYI""","=""FT51Q5K2INZ71ZEIYK""",14-02-2027,"=""Red Banana""",14-02-2027 09-00-00,214.17,,389947.03
2027/02/15,2027/02/15,Purchase,"=""RB6HY8XPLZMFXERPH3""","=""FTMAG26B4TQCJ1823W""",15-02-2027,"=""Avas Ride""",15-02-2027 01-00-00,267.34,,389679.69
2027/02/15,2027/02/15,Purchase,"=""RBU7I2U4FXSO7P174K""","=""FTUDK57CJEWARUXCAX""",15-02-2027,"=""AliExpress""",15-02-2027 17-00-00,320.51,,389359.18
2027/02/16,2027/02/16,Purchase,"=""RBP7RP8BNJN0GJ9FH8""","=""FTPVZ85CK95JEQGFS6""",16-02-2027,"=""MPGOOGLE Google One""",16-02-2027 09-00-00,373.68,,388985.50
2027/02/17,2027/02/17,Bill Payment,"=""RB3GJV3M5HTIF5BNUZ""","=""FT1YGXUPL49G1NUIXV""",17-02-2027,"=""Dhiraagu BILLPAY""",17-02-2027 01-00-00,426.85,,388558.65
2027/02/17,2027/02/17,Salary,"=""RBZ16H5KSA7RZ6MHQW""","=""FTJNQYQUCIBFTA345G""",Synthetic Employer Pvt Ltd,"=""Synthetic Employer Pvt Ltd""",17-02-2027 17-00-00,,14946.00,403504.65
2027/02/18,2027/02/18,ATM Withdrawal,"=""RB8Q1L6CPF23SF7SNA""","=""FTVFSDBB6VAQYOQLDQ""",ATM Cash Withdrawal,"=""ATM Cash Withdrawal""",18-02-2027 09-00-00,58.19,,403446.46
2027/02/19,2027/02/19,Credit Card Payment,"=""RB2GKVSMDCHUZJKA0T""","=""FTWGRE5K8GSLCQBUF1""",BML Credit Card Payment,"=""BML Credit Card Payment""",19-02-2027 01-00-00,111.36,,403335.10
2027/02/19,2027/02/19,Favara Debit,"=""RB9N7AU706VHU19HXD""","=""FT3QAXFU5K9IMXMM2V""",Mariyam Naaz,"=""Mariyam Naaz""",19-02-2027 17-00-00 Favara,163.00,,403172.10
2027/02/20,2027/02/20,Transfer Debit,"=""RB6UFBLCKYZWNFVK77""","=""FT5U6IKWU6I2S7EVIK""",Fathimath Leeza,"=""Fathimath Leeza""",20-02-2027 09-00-00 Internet Banking,216.17,,402955.93
2027/02/21,2027/02/21,Favara Debit,"=""RBP55B2GTCHR8FHNQB""","=""FTSK173TP6W0LVCVAI""",Ahmed Rasheed,"=""Ahmed Rasheed""",21-02-2027 01-00-00 Favara,269.34,,402686.59
2027/02/21,2027/02/21,Favara Credit,"=""RBHOPUY7U1TO18IACP""","=""FTO171B392XSDWVJ35""",Freelance Client 1,"=""Freelance Client 1""",21-02-2027 17-00-00 Favara,,322.51,403009.10
2027/02/22,2027/02/22,Favara Credit,"=""RBP591N3O293S9DRPK""","=""FT9S1KAJVV9IYIRLDT""",Fathimath Leeza,"=""Fathimath Leeza""",22-02-2027 09-00-00 Favara,,375.68,403384.78
2027/02/23,2027/02/23,Transfer Credit,"=""RBBMV0STGBMJ7Y31LO""","=""FTNR6W5XNJRW0XUAF5""",Mariyam Naaz,"=""Mariyam Naaz""",23-02-2027 01-00-00 Internet Banking,,428.85,403813.63
2027/02/23,2027/02/23,Transfer Debit,"=""RBW24Q75M49P918Q3U""","=""FT82MCPB0U3EDSPCVC""",Echbees LLP,"=""Echbees LLP""",23-02-2027 17-00-00 Internet Banking,482.02,,403331.61
2027/02/24,2027/02/24,Favara Debit,"=""RB4ZQYDHYQM9X68S9O""","=""FTRWCWQGB7X2HVV1YO""",My Other Bank Account,"=""My Other Bank Account""",24-02-2027 09-00-00 Favara,60.19,,403271.42
2027/02/25,2027/02/25,Favara Credit,"=""RBEGLIU5Y1W3U2MKTY""","=""FTCJC9IP5FFW9AXZQC""",My Other Bank Account,"=""My Other Bank Account""",25-02-2027 01-00-00 Favara,,113.36,403384.78
2027/02/25,2027/02/25,Purchase,"=""RBBQ4LJGYV5LU7S81W""","=""FTT6OTUV0P4RKLHV88""",25-02-2027,"=""Villa Mart""",25-02-2027 17-00-00,165.00,,403219.78
2027/02/26,2027/02/26,Purchase,"=""RBIOY4NPRY0U1Z83HR""","=""FTC8UXGJVG1QF4A406""",26-02-2027,"=""Avas Ride""",26-02-2027 09-00-00,218.17,,403001.61
2027/02/27,2027/02/27,Purchase,"=""RBNGLQ6F1OOIDGEFJZ""","=""FT6HGTOQF3C35AS83Q""",27-02-2027,"=""AliExpress""",27-02-2027 01-00-00,271.34,,402730.27
2027/02/27,2027/02/27,Purchase,"=""RBKMESONF8X9RDMLRQ""","=""FT4LAIE8KTG3ITK5CG""",27-02-2027,"=""MPGOOGLE YouTube Premium""",27-02-2027 17-00-00,324.51,,402405.76
2027/02/28,2027/02/28,Bill Payment,"=""RBOST5ITBM39U7KL11""","=""FT4ELEB7DE7003OB3C""",28-02-2027,"=""STELCO BILLPAY""",28-02-2027 09-00-00,377.68,,402028.08
2027/03/01,2027/03/01,Salary,"=""RBD93BZX8X6648IYFP""","=""FTR0N7BNVVB56OOO4I""",Synthetic Employer Pvt Ltd,"=""Synthetic Employer Pvt Ltd""",01-03-2027 01-00-00,,11595.00,413623.08
2027/03/01,2027/03/01,ATM Withdrawal,"=""RBLH81DAC8O9FENE4J""","=""FT1P42LMDEXJNHUZLW""",ATM Cash Withdrawal,"=""ATM Cash Withdrawal""",01-03-2027 17-00-00,484.02,,413139.06
2027/03/02,2027/03/02,Credit Card Payment,"=""RBFXGSL69KH0N9HMZT""","=""FTGCGJNXWIUKUVSJXU""",BML Credit Card Payment,"=""BML Credit Card Payment""",02-03-2027 09-00-00,62.19,,413076.87
2027/03/03,2027/03/03,Favara Debit,"=""RBFK1D7KB0C8MTGX0A""","=""FTUV0GV3E58OL22TY6""",Fathimath Leeza,"=""Fathimath Leeza""",03-03-2027 01-00-00 Favara,115.36,,412961.51
2027/03/03,2027/03/03,Transfer Debit,"=""RBP4U4N5KU4QEN5LXL""","=""FT2LB590KXR94KC82S""",Ahmed Rasheed,"=""Ahmed Rasheed""",03-03-2027 17-00-00 Internet Banking,167.00,,412794.51
2027/03/04,2027/03/04,Favara Debit,"=""RBFQW9RVSQD30Y5NFI""","=""FTECG0IXGE3CC3SZ7Z""",Hussain Shafeeq,"=""Hussain Shafeeq""",04-03-2027 09-00-00 Favara,220.17,,412574.34
2027/03/05,2027/03/05,Favara Credit,"=""RB531EGC7F6WS46J6V""","=""FT8EU4PZ2B0NDHHN2N""",Freelance Client 2,"=""Freelance Client 2""",05-03-2027 01-00-00 Favara,,273.34,412847.68
2027/03/05,2027/03/05,Favara Credit,"=""RBQMGJ3RGVAJVNZDPO""","=""FTZVFQHMOEAQVFXW4H""",Ahmed Rasheed,"=""Ahmed Rasheed""",05-03-2027 17-00-00 Favara,,326.51,413174.19
2027/03/06,2027/03/06,Transfer Credit,"=""RB7QYCL5HE2BT93RGA""","=""FTHWP6TBO612VK43D6""",Fathimath Leeza,"=""Fathimath Leeza""",06-03-2027 09-00-00 Internet Banking,,379.68,413553.87
2027/03/07,2027/03/07,Transfer Debit,"=""RB80AFWD3099HS38Y0""","=""FTSD561002DRERJWIN""",Coral Works LLP,"=""Coral Works LLP""",07-03-2027 01-00-00 Internet Banking,432.85,,413121.02
2027/03/07,2027/03/07,Favara Debit,"=""RBDD3YRN3WTIN08BTS""","=""FTNV7DKBX10BRBCPCG""",My Other Bank Account,"=""My Other Bank Account""",07-03-2027 17-00-00 Favara,486.02,,412635.00
2027/03/08,2027/03/08,Favara Credit,"=""RBUSEH3W1EQK7CJO6F""","=""FTF546ILGBKPKW5HPS""",My Other Bank Account,"=""My Other Bank Account""",08-03-2027 09-00-00 Favara,,64.19,412699.19
2027/03/09,2027/03/09,Purchase,"=""RB00LRZGG68X8GLSUL""","=""FTE1I1H0Z465AGAXV6""",09-03-2027,"=""Coral Cafe""",09-03-2027 01-00-00,117.36,,412581.83
2027/03/09,2027/03/09,Purchase,"=""RB0O6QAYK1D29AFO6S""","=""FT1ZO6ACJ8LD6D0BTI""",09-03-2027,"=""Avas Ride""",09-03-2027 17-00-00,169.00,,412412.83
2027/03/10,2027/03/10,Purchase,"=""RB43XXJCAQ2P2D6AAT""","=""FTAOF7JUMN4A7I0RWN""",10-03-2027,"=""AliExpress""",10-03-2027 09-00-00,222.17,,412190.66
2027/03/11,2027/03/11,Purchase,"=""RBCKKVRYWN247BMTNJ""","=""FTXXARL6EST89PB7FR""",11-03-2027,"=""MPGOOGLE Google One""",11-03-2027 01-00-00,275.34,,411915.32
2027/03/11,2027/03/11,Bill Payment,"=""RB3VNN758LEC86UBAR""","=""FTP0VI4HW8C77HH2K9""",11-03-2027,"=""Dhiraagu BILLPAY""",11-03-2027 17-00-00,328.51,,411586.81
2027/03/12,2027/03/12,Salary,"=""RB17FO9FX168GYEK0M""","=""FTDF8RE6N04UKZMKOL""",Synthetic Employer Pvt Ltd,"=""Synthetic Employer Pvt Ltd""",12-03-2027 09-00-00,,13244.00,424830.81
2027/03/13,2027/03/13,ATM Withdrawal,"=""RB8UTEFUV19ET7SCGH""","=""FTLCFPX94P0LL564BD""",ATM Cash Withdrawal,"=""ATM Cash Withdrawal""",13-03-2027 01-00-00,434.85,,424395.96
2027/03/13,2027/03/13,Credit Card Payment,"=""RBZ223LXN7RN3FE8J8""","=""FT2DS2I6S1RNSA63DF""",BML Credit Card Payment,"=""BML Credit Card Payment""",13-03-2027 17-00-00,488.02,,423907.94
2027/03/14,2027/03/14,Favara Debit,"=""RBU8Q3Y2MHRP47V5CW""","=""FTL4BBWW459F5YT99R""",Ahmed Rasheed,"=""Ahmed Rasheed""",14-03-2027 09-00-00 Favara,66.19,,423841.75
2027/03/15,2027/03/15,Transfer Debit,"=""RB4ARDJ36V8CYN9XPG""","=""FTX560F7XDPQYQUC37""",Hussain Shafeeq,"=""Hussain Shafeeq""",15-03-2027 01-00-00 Internet Banking,119.36,,423722.39
2027/03/15,2027/03/15,Favara Debit,"=""RBNZ5ES36EBOZQ0TGC""","=""FTOWTESQJALQ6E8T1S""",Ali Shaheed,"=""Ali Shaheed""",15-03-2027 17-00-00 Favara,171.00,,423551.39
2027/03/16,2027/03/16,Favara Credit,"=""RBWMPMQQ9RIKFOCI78""","=""FTUI7P98ARIZIBD2JT""",Freelance Client 3,"=""Freelance Client 3""",16-03-2027 09-00-00 Favara,,224.17,423775.56
2027/03/17,2027/03/17,Favara Credit,"=""RBZDZFKSBI29DIZQCW""","=""FT8FLV3I2TXBRWVHAN""",Hussain Shafeeq,"=""Hussain Shafeeq""",17-03-2027 01-00-00 Favara,,277.34,424052.90
2027/03/17,2027/03/17,Transfer Credit,"=""RB0MOIOO7VQQAA65OU""","=""FTEAIT533GA6C5UECV""",Ahmed Rasheed,"=""Ahmed Rasheed""",17-03-2027 17-00-00 Internet Banking,,330.51,424383.41
2027/03/18,2027/03/18,Transfer Debit,"=""RBM0IQD86PWBN7465F""","=""FTAQ841Q5WQAS7REEZ""",Digitopia Pvt Ltd,"=""Digitopia Pvt Ltd""",18-03-2027 09-00-00 Internet Banking,383.68,,423999.73
2027/03/19,2027/03/19,Favara Debit,"=""RBDA1SCKQZZ5ZXSMML""","=""FTQPR2PFOYX14F1KXB""",My Other Bank Account,"=""My Other Bank Account""",19-03-2027 01-00-00 Favara,436.85,,423562.88
2027/03/19,2027/03/19,Favara Credit,"=""RBNZJYN704IGM1WSC5""","=""FT1PENTM8EPPB6KSXE""",My Other Bank Account,"=""My Other Bank Account""",19-03-2027 17-00-00 Favara,,490.02,424052.90
2027/03/20,2027/03/20,Purchase,"=""RBMYLRDDB78D06ZQ6I""","=""FTH4TCXJV10FKNZ973""",20-03-2027,"=""Red Banana""",20-03-2027 09-00-00,68.19,,423984.71
2027/03/21,2027/03/21,Purchase,"=""RBB4VD0HVOAP1VAUY9""","=""FT4W0QQ2ZLGCZHZWRY""",21-03-2027,"=""Avas Ride""",21-03-2027 01-00-00,121.36,,423863.35
2027/03/21,2027/03/21,Purchase,"=""RBOODSAEPGHLX883AV""","=""FTCUI113XGGJAWFDX8""",21-03-2027,"=""AliExpress""",21-03-2027 17-00-00,173.00,,423690.35
2027/03/22,2027/03/22,Purchase,"=""RB75E2BSS3OX1YJF4I""","=""FT44GM3TSBDF55S11E""",22-03-2027,"=""MPGOOGLE YouTube Premium""",22-03-2027 09-00-00,226.17,,423464.18
2027/03/23,2027/03/23,Bill Payment,"=""RBWEQJF2B9WBYDEX4H""","=""FTJFBFTRRSD6PQ9KH5""",23-03-2027,"=""STELCO BILLPAY""",23-03-2027 01-00-00,279.34,,423184.84
2027/03/23,2027/03/23,Salary,"=""RB873THK4PZDLQG5G3""","=""FTQ81VJHXP9UY1CRQW""",Synthetic Employer Pvt Ltd,"=""Synthetic Employer Pvt Ltd""",23-03-2027 17-00-00,,14893.00,438077.84
2027/03/24,2027/03/24,ATM Withdrawal,"=""RBKZEJPYO0PD5JV4FE""","=""FTF9VQVY4DY81IYBDM""",ATM Cash Withdrawal,"=""ATM Cash Withdrawal""",24-03-2027 09-00-00,385.68,,437692.16
2027/03/25,2027/03/25,Credit Card Payment,"=""RBGP87H2P1EXZTKYWS""","=""FTDJ4WPR1FOHI9IU1W""",BML Credit Card Payment,"=""BML Credit Card Payment""",25-03-2027 01-00-00,438.85,,437253.31
2027/03/25,2027/03/25,Favara Debit,"=""RBE693OUCOW277SEA4""","=""FTVUII73OQPG9OUX5P""",Hussain Shafeeq,"=""Hussain Shafeeq""",25-03-2027 17-00-00 Favara,492.02,,436761.29
2027/03/26,2027/03/26,Transfer Debit,"=""RBF0NE9J9J5212JVEG""","=""FTD9TSLQZ1MVFB4RYP""",Ali Shaheed,"=""Ali Shaheed""",26-03-2027 09-00-00 Internet Banking,70.19,,436691.10
2027/03/27,2027/03/27,Favara Debit,"=""RBZL065R9HZZ4L2ZUZ""","=""FTT0WQ6L5K6ZDZPL5D""",Mariyam Naaz,"=""Mariyam Naaz""",27-03-2027 01-00-00 Favara,123.36,,436567.74
2027/03/27,2027/03/27,Favara Credit,"=""RB9PVA7BLPSNMX4ZK3""","=""FTP04LH2OQUEJYBU4K""",Freelance Client 4,"=""Freelance Client 4""",27-03-2027 17-00-00 Favara,,175.00,436742.74
2027/03/28,2027/03/28,Favara Credit,"=""RBEE8MKM57KMZTGA71""","=""FTW9YWHXKUM08Y4SPR""",Ali Shaheed,"=""Ali Shaheed""",28-03-2027 09-00-00 Favara,,228.17,436970.91
2027/03/29,2027/03/29,Transfer Credit,"=""RB7UWMO0F8BF6EOHEE""","=""FTES4N1P8SEQPSIDMF""",Hussain Shafeeq,"=""Hussain Shafeeq""",29-03-2027 01-00-00 Internet Banking,,281.34,437252.25
2027/03/29,2027/03/29,Transfer Debit,"=""RBWVXJPAOIYHIKU9BW""","=""FTZ342KQ8R81ISHVGW""",Echbees LLP,"=""Echbees LLP""",29-03-2027 17-00-00 Internet Banking,334.51,,436917.74
2027/03/30,2027/03/30,Favara Debit,"=""RBYDZX4NNYK4YQ5Q72""","=""FTZ6XHRIZKBX28MBU7""",My Other Bank Account,"=""My Other Bank Account""",30-03-2027 09-00-00 Favara,387.68,,436530.06
2027/03/31,2027/03/31,Favara Credit,"=""RBMBNJXZTMAPCKZRNW""","=""FTCP42QFXFG4KTCU0Z""",My Other Bank Account,"=""My Other Bank Account""",31-03-2027 01-00-00 Favara,,440.85,436970.91
2027/03/31,2027/03/31,Purchase,"=""RB7C23HHLT2TCCCFH8""","=""FT6I5Q01VCOH0XITQ1""",31-03-2027,"=""Villa Mart""",31-03-2027 17-00-00,494.02,,436476.89
2027/04/01,2027/04/01,Purchase,"=""RBO6G0HPSE3UYPCHUB""","=""FT1YCVDE4UFTPFFDRE""",01-04-2027,"=""Avas Ride""",01-04-2027 09-00-00,72.19,,436404.70
2027/04/02,2027/04/02,Purchase,"=""RBEFHCWUTBYZWD225F""","=""FT3J1W0XCG01P077XP""",02-04-2027,"=""AliExpress""",02-04-2027 01-00-00,125.36,,436279.34
2027/04/02,2027/04/02,Purchase,"=""RBYI900X025MUF6AQQ""","=""FT0FQJELT608BMVMTY""",02-04-2027,"=""MPGOOGLE Google One""",02-04-2027 17-00-00,177.00,,436102.34
2027/04/03,2027/04/03,Bill Payment,"=""RB4YGV8HCOC9PBE5MF""","=""FT7PM08PFJAWUVC5E1""",03-04-2027,"=""Dhiraagu BILLPAY""",03-04-2027 09-00-00,230.17,,435872.17
2027/04/04,2027/04/04,Salary,"=""RBIPTKWAWDQ812G2SD""","=""FT58THAGYKBX1DXHGV""",Synthetic Employer Pvt Ltd,"=""Synthetic Employer Pvt Ltd""",04-04-2027 01-00-00,,11542.00,447414.17
2027/04/04,2027/04/04,ATM Withdrawal,"=""RB9GS0QZF3WMAH6UKE""","=""FTVEDXDFRGT7T75VUD""",ATM Cash Withdrawal,"=""ATM Cash Withdrawal""",04-04-2027 17-00-00,336.51,,447077.66
2027/04/05,2027/04/05,Credit Card Payment,"=""RBJHN74EIMM5MGOAJY""","=""FTFY864VYFIRX9JKDK""",BML Credit Card Payment,"=""BML Credit Card Payment""",05-04-2027 09-00-00,389.68,,446687.98
2027/04/06,2027/04/06,Favara Debit,"=""RB5A0AQJID2SQF2SHH""","=""FT7VVJS88HZJ7GEUOQ""",Ali Shaheed,"=""Ali Shaheed""",06-04-2027 01-00-00 Favara,442.85,,446245.13
2027/04/06,2027/04/06,Transfer Debit,"=""RBC40U1XCBPHK2I71X""","=""FT50MNFXVJ194M55U8""",Mariyam Naaz,"=""Mariyam Naaz""",06-04-2027 17-00-00 Internet Banking,496.02,,445749.11
2027/04/07,2027/04/07,Favara Debit,"=""RB9NRGLTQEGWXSU1XW""","=""FTJSLYQT46U3UL2TBB""",Fathimath Leeza,"=""Fathimath Leeza""",07-04-2027 09-00-00 Favara,74.19,,445674.92
2027/04/08,2027/04/08,Favara Credit,"=""RBAV48I6QGYJKV57B0""","=""FT1ON3X0U0HMV9CYFC""",Freelance Client 1,"=""Freelance Client 1""",08-04-2027 01-00-00 Favara,,127.36,445802.28
2027/04/08,2027/04/08,Favara Credit,"=""RBWS42IU2OMBKEMR7F""","=""FTGA7ZQ0UNIT36PN5G""",Mariyam Naaz,"=""Mariyam Naaz""",08-04-2027 17-00-00 Favara,,179.00,445981.28
2027/04/09,2027/04/09,Transfer Credit,"=""RBVE45M1B2EWW6DWV3""","=""FT6WYDBNQX4RBR3GD8""",Ali Shaheed,"=""Ali Shaheed""",09-04-2027 09-00-00 Internet Banking,,232.17,446213.45
2027/04/10,2027/04/10,Transfer Debit,"=""RBFIKCRX1BWYR4GE3Z""","=""FT18M2WNESM4WQFTCE""",Coral Works LLP,"=""Coral Works LLP""",10-04-2027 01-00-00 Internet Banking,285.34,,445928.11
2027/04/10,2027/04/10,Favara Debit,"=""RB48HYUMOGM5FB91RW""","=""FTSE49JH3V68UFJTZK""",My Other Bank Account,"=""My Other Bank Account""",10-04-2027 17-00-00 Favara,338.51,,445589.60
2027/04/11,2027/04/11,Favara Credit,"=""RBJ6PJEDG8O7N2ILJK""","=""FT4YNA73BPRYTCF9PX""",My Other Bank Account,"=""My Other Bank Account""",11-04-2027 09-00-00 Favara,,391.68,445981.28
2027/04/12,2027/04/12,Purchase,"=""RBO87NGL5TCXPRGN83""","=""FTAIXNIN50LZWRHG5L""",12-04-2027,"=""Coral Cafe""",12-04-2027 01-00-00,444.85,,445536.43
2027/04/12,2027/04/12,Purchase,"=""RB42OQYBFHU5AO6PVQ""","=""FT628LSOEXLXMR9U4O""",12-04-2027,"=""Avas Ride""",12-04-2027 17-00-00,498.02,,445038.41
2027/04/13,2027/04/13,Purchase,"=""RBKJ8TA87TS4QTAO17""","=""FTW3PUO3NDX449Q367""",13-04-2027,"=""AliExpress""",13-04-2027 09-00-00,76.19,,444962.22
2027/04/14,2027/04/14,Purchase,"=""RBODCSEZX4U9CC9I5V""","=""FT0FF7D7774G75D1SZ""",14-04-2027,"=""MPGOOGLE YouTube Premium""",14-04-2027 01-00-00,129.36,,444832.86
2027/04/14,2027/04/14,Bill Payment,"=""RBYGK5PD6WVPZZNSK9""","=""FTYBPRG1SH6D4P2TTX""",14-04-2027,"=""STELCO BILLPAY""",14-04-2027 17-00-00,181.00,,444651.86
2027/04/15,2027/04/15,Salary,"=""RBYBU17PF34QJ3XDIU""","=""FTR9D6ROQQ1UUG3998""",Synthetic Employer Pvt Ltd,"=""Synthetic Employer Pvt Ltd""",15-04-2027 09-00-00,,13191.00,457842.86
2027/04/16,2027/04/16,ATM Withdrawal,"=""RB1EW3PBICHG6ZAW1U""","=""FTPAQ2RN8CDG99G9EC""",ATM Cash Withdrawal,"=""ATM Cash Withdrawal""",16-04-2027 01-00-00,287.34,,457555.52
2027/04/16,2027/04/16,Credit Card Payment,"=""RBA4H3QC97F4T5MTBO""","=""FTJAKZJDWUIZFRSWXN""",BML Credit Card Payment,"=""BML Credit Card Payment""",16-04-2027 17-00-00,340.51,,457215.01
2027/04/17,2027/04/17,Favara Debit,"=""RBPZIYN7Q25ZX2UDIM""","=""FTKNMHEYO74TBTP6GD""",Mariyam Naaz,"=""Mariyam Naaz""",17-04-2027 09-00-00 Favara,393.68,,456821.33
2027/04/18,2027/04/18,Transfer Debit,"=""RBHU5AK1FT5AX4RKF7""","=""FTOP7L7F9379EIUUEF""",Fathimath Leeza,"=""Fathimath Leeza""",18-04-2027 01-00-00 Internet Banking,446.85,,456374.48
2027/04/18,2027/04/18,Favara Debit,"=""RB2NWEU08CQON9EYU3""","=""FTDRRQOTK8J8B9NXOB""",Ahmed Rasheed,"=""Ahmed Rasheed""",18-04-2027 17-00-00 Favara,500.02,,455874.46
2027/04/19,2027/04/19,Favara Credit,"=""RBD0Q7U7QS6QYNIJ48""","=""FTT6W34O14GAGTRNKT""",Freelance Client 2,"=""Freelance Client 2""",19-04-2027 09-00-00 Favara,,78.19,455952.65
2027/04/20,2027/04/20,Favara Credit,"=""RB7JHW4VNPM51XP6AT""","=""FTMYB5KA9MJ0MWXQ1Z""",Fathimath Leeza,"=""Fathimath Leeza""",20-04-2027 01-00-00 Favara,,131.36,456084.01
2027/04/20,2027/04/20,Transfer Credit,"=""RBNWBFQGZWS0NPHDCF""","=""FTVR60BJQ4QUPV8ETO""",Mariyam Naaz,"=""Mariyam Naaz""",20-04-2027 17-00-00 Internet Banking,,183.00,456267.01
2027/04/21,2027/04/21,Transfer Debit,"=""RBSZ4Q1TMVO1WY9JRP""","=""FT305N7J9N7R58E5BC""",Digitopia Pvt Ltd,"=""Digitopia Pvt Ltd""",21-04-2027 09-00-00 Internet Banking,236.17,,456030.84
2027/04/22,2027/04/22,Favara Debit,"=""RBO5JAAKAQYGGVIHLI""","=""FTL73OJ0Z0IJ0TUEKQ""",My Other Bank Account,"=""My Other Bank Account""",22-04-2027 01-00-00 Favara,289.34,,455741.50
2027/04/22,2027/04/22,Favara Credit,"=""RB966XKWA0QLX3XP2J""","=""FTM2HO957SVRD5XWNS""",My Other Bank Account,"=""My Other Bank Account""",22-04-2027 17-00-00 Favara,,342.51,456084.01
2027/04/23,2027/04/23,Purchase,"=""RB4O532HN9XBCNCSV5""","=""FTPBSUXLRPBQEZR8G8""",23-04-2027,"=""Red Banana""",23-04-2027 09-00-00,395.68,,455688.33
2027/04/24,2027/04/24,Purchase,"=""RBR4ZNPZOI2AARKHE4""","=""FT3TICIBE3HC0KXPYQ""",24-04-2027,"=""Avas Ride""",24-04-2027 01-00-00,448.85,,455239.48
2027/04/24,2027/04/24,Purchase,"=""RBE71VBCYSIH7WXGYZ""","=""FTQ1Q5VHGXRIE3Q5ZO""",24-04-2027,"=""AliExpress""",24-04-2027 17-00-00,27.02,,455212.46
2027/04/25,2027/04/25,Purchase,"=""RBTYSND8X4LRCDI0OU""","=""FTPHV3I2DY951JESR2""",25-04-2027,"=""MPGOOGLE Google One""",25-04-2027 09-00-00,80.19,,455132.27
2027/04/26,2027/04/26,Bill Payment,"=""RBJRVEERSISV6QCC3Z""","=""FTA89695A3EI5TEBDF""",26-04-2027,"=""Dhiraagu BILLPAY""",26-04-2027 01-00-00,133.36,,454998.91
2027/04/26,2027/04/26,Salary,"=""RB0TIWZLN4UTD6HVXW""","=""FTOVJ4ZTNGRUEVDBAN""",Synthetic Employer Pvt Ltd,"=""Synthetic Employer Pvt Ltd""",26-04-2027 17-00-00,,14840.00,469838.91
2027/04/27,2027/04/27,ATM Withdrawal,"=""RBMXZKRZCGR7NV1RCV""","=""FTAH29C25MT62OTEZC""",ATM Cash Withdrawal,"=""ATM Cash Withdrawal""",27-04-2027 09-00-00,238.17,,469600.74
2027/04/28,2027/04/28,Credit Card Payment,"=""RBA1ZYRE5O7KCD43C6""","=""FTQ4U1F4JSRRDW7T9S""",BML Credit Card Payment,"=""BML Credit Card Payment""",28-04-2027 01-00-00,291.34,,469309.40
2027/04/28,2027/04/28,Favara Debit,"=""RB6V5NQ4B0MRBBTSBS""","=""FT4L0M5WA89JONB410""",Fathimath Leeza,"=""Fathimath Leeza""",28-04-2027 17-00-00 Favara,344.51,,468964.89
2027/04/29,2027/04/29,Transfer Debit,"=""RBGMVMI90S8MLE1909""","=""FTPKIQA4IJEIC8EO6E""",Ahmed Rasheed,"=""Ahmed Rasheed""",29-04-2027 09-00-00 Internet Banking,397.68,,468567.21
2027/04/30,2027/04/30,Favara Debit,"=""RBPUIRHXNT6LLL0RJE""","=""FT89F5NZ2QOKGRTFB2""",Hussain Shafeeq,"=""Hussain Shafeeq""",30-04-2027 01-00-00 Favara,450.85,,468116.36
2027/04/30,2027/04/30,Favara Credit,"=""RBIT2KX5DSQZ6FXGQ6""","=""FTIS8NH0RMT9O70E6V""",Freelance Client 3,"=""Freelance Client 3""",30-04-2027 17-00-00 Favara,,29.02,468145.38
2027/05/01,2027/05/01,Favara Credit,"=""RBQZGRUXY03QI3LMQX""","=""FTH2I0T11DKK32DMAA""",Ahmed Rasheed,"=""Ahmed Rasheed""",01-05-2027 09-00-00 Favara,,82.19,468227.57
2027/05/02,2027/05/02,Transfer Credit,"=""RB8OA0T7GEYARH86VL""","=""FTAMM8HYD2XIGQBDIG""",Fathimath Leeza,"=""Fathimath Leeza""",02-05-2027 01-00-00 Internet Banking,,135.36,468362.93
2027/05/02,2027/05/02,Transfer Debit,"=""RBF2KXUW97K3VFWD39""","=""FTSF89M5M4C3MZ0T2O""",Echbees LLP,"=""Echbees LLP""",02-05-2027 17-00-00 Internet Banking,187.00,,468175.93
2027/05/03,2027/05/03,Favara Debit,"=""RBCC77AUHMAKMCZ7ZF""","=""FTMTZZSX3O03JIAQO5""",My Other Bank Account,"=""My Other Bank Account""",03-05-2027 09-00-00 Favara,240.17,,467935.76
2027/05/04,2027/05/04,Favara Credit,"=""RBFGSY4VR6DJI7EETN""","=""FT4IH7X2YJOBTX2WDO""",My Other Bank Account,"=""My Other Bank Account""",04-05-2027 01-00-00 Favara,,293.34,468229.10
2027/05/04,2027/05/04,Purchase,"=""RBMDE1QCL2SX21W1MM""","=""FTSI8NI8ZJH3NZLJ5K""",04-05-2027,"=""Villa Mart""",04-05-2027 17-00-00,346.51,,467882.59
2027/05/05,2027/05/05,Purchase,"=""RB4QBZ7UGEJ3WBMM0E""","=""FT2B9FUIJRCTCAXPZ7""",05-05-2027,"=""Avas Ride""",05-05-2027 09-00-00,399.68,,467482.91
2027/05/06,2027/05/06,Purchase,"=""RBW59BHV4NNV8FYUGH""","=""FTEWO3A6M7Z8GFWKJ2""",06-05-2027,"=""AliExpress""",06-05-2027 01-00-00,452.85,,467030.06
2027/05/06,2027/05/06,Purchase,"=""RB941IV3VBDI66V89D""","=""FT1U3WYGAKVLO39UXG""",06-05-2027,"=""MPGOOGLE YouTube Premium""",06-05-2027 17-00-00,31.02,,466999.04
2027/05/07,2027/05/07,Bill Payment,"=""RBDYVFQQBFWV84P25D""","=""FT6SAYCA308EX2KIH4""",07-05-2027,"=""STELCO BILLPAY""",07-05-2027 09-00-00,84.19,,466914.85
2027/05/08,2027/05/08,Salary,"=""RBJ5DO27T5NFNHN8GP""","=""FTL52GEUJSKUYPLE1L""",Synthetic Employer Pvt Ltd,"=""Synthetic Employer Pvt Ltd""",08-05-2027 01-00-00,,11489.00,478403.85
2027/05/08,2027/05/08,ATM Withdrawal,"=""RBPH9BS3QW254G11YB""","=""FTC8OMLMRVN811KRH8""",ATM Cash Withdrawal,"=""ATM Cash Withdrawal""",08-05-2027 17-00-00,189.00,,478214.85
2027/05/09,2027/05/09,Credit Card Payment,"=""RBVD3O82AMIF92GMGH""","=""FT3D3KA05M7GX9JKXG""",BML Credit Card Payment,"=""BML Credit Card Payment""",09-05-2027 09-00-00,242.17,,477972.68
2027/05/10,2027/05/10,Favara Debit,"=""RBL6I7R0R7KM55ECXD""","=""FTGZW05AIIABVPW8TP""",Ahmed Rasheed,"=""Ahmed Rasheed""",10-05-2027 01-00-00 Favara,295.34,,477677.34
2027/05/10,2027/05/10,Transfer Debit,"=""RB98Q4O1QYV2QUIQWS""","=""FT6S5HYJD4KTHYGGHE""",Hussain Shafeeq,"=""Hussain Shafeeq""",10-05-2027 17-00-00 Internet Banking,348.51,,477328.83
2027/05/11,2027/05/11,Favara Debit,"=""RBEHQARBW2S6CADKT4""","=""FTGMUXCIH18AMIIYZA""",Ali Shaheed,"=""Ali Shaheed""",11-05-2027 09-00-00 Favara,401.68,,476927.15
2027/05/12,2027/05/12,Favara Credit,"=""RBTNY3BSLOABBD25EG""","=""FT8XQGIGGZTD6Q6YET""",Freelance Client 4,"=""Freelance Client 4""",12-05-2027 01-00-00 Favara,,454.85,477382.00
2027/05/12,2027/05/12,Favara Credit,"=""RBF7NKGSP5O7JFX08G""","=""FT47VGEZ94ZOS2XHPJ""",Hussain Shafeeq,"=""Hussain Shafeeq""",12-05-2027 17-00-00 Favara,,33.02,477415.02
2027/05/13,2027/05/13,Transfer Credit,"=""RBFSZHXK2T4NNRAF3L""","=""FTDX9MGKWWPO617XYF""",Ahmed Rasheed,"=""Ahmed Rasheed""",13-05-2027 09-00-00 Internet Banking,,86.19,477501.21
2027/05/14,2027/05/14,Transfer Debit,"=""RBE7YHIM08YWD5KEXV""","=""FTUMXEAA1OO8S4CU8M""",Coral Works LLP,"=""Coral Works LLP""",14-05-2027 01-00-00 Internet Banking,139.36,,477361.85
2027/05/14,2027/05/14,Favara Debit,"=""RB1NGV2MYWRWHZ2RS1""","=""FT02JR7XOUP1N6K1QM""",My Other Bank Account,"=""My Other Bank Account""",14-05-2027 17-00-00 Favara,191.00,,477170.85
2027/05/15,2027/05/15,Favara Credit,"=""RBWVGIMWMDVOAB0LIH""","=""FTTZ7W7YCT6I0P5R9B""",My Other Bank Account,"=""My Other Bank Account""",15-05-2027 09-00-00 Favara,,244.17,477415.02
2027/05/16,2027/05/16,Purchase,"=""RB0F5GSQ5LSLW88X9H""","=""FTQZW04O1LE2789K8K""",16-05-2027,"=""Coral Cafe""",16-05-2027 01-00-00,297.34,,477117.68
2027/05/16,2027/05/16,Purchase,"=""RBNCVIUC2CY33A2WO5""","=""FTZJYK6V9JPVLMICRG""",16-05-2027,"=""Avas Ride""",16-05-2027 17-00-00,350.51,,476767.17
2027/05/17,2027/05/17,Purchase,"=""RBSH1732OONXJ1O2FY""","=""FTU4NVXP9U41PMEZUU""",17-05-2027,"=""AliExpress""",17-05-2027 09-00-00,403.68,,476363.49
2027/05/18,2027/05/18,Purchase,"=""RBBA0H88QDJ2HLE1TD""","=""FTCE0TKLKQG1FQ4JCF""",18-05-2027,"=""MPGOOGLE Google One""",18-05-2027 01-00-00,456.85,,475906.64
2027/05/18,2027/05/18,Bill Payment,"=""RBSU2MW81DSVRT1IAJ""","=""FTNITFXR6N7PN3Q0JX""",18-05-2027,"=""Dhiraagu BILLPAY""",18-05-2027 17-00-00,35.02,,475871.62
2027/05/19,2027/05/19,Salary,"=""RBIQZNUDJWG3UJNLRJ""","=""FTN4WSBAKFIE5M7IT9""",Synthetic Employer Pvt Ltd,"=""Synthetic Employer Pvt Ltd""",19-05-2027 09-00-00,,13138.00,489009.62
2027/05/20,2027/05/20,ATM Withdrawal,"=""RBW5N1NU2EYEIGA3W7""","=""FTS50EUB1FF8TF4I8J""",ATM Cash Withdrawal,"=""ATM Cash Withdrawal""",20-05-2027 01-00-00,141.36,,488868.26
2027/05/20,2027/05/20,Credit Card Payment,"=""RBLA2Y8CZUTN428RIG""","=""FTAKJQ0A8GNLD0G2I8""",BML Credit Card Payment,"=""BML Credit Card Payment""",20-05-2027 17-00-00,193.00,,488675.26
2027/05/21,2027/05/21,Favara Debit,"=""RBT6WA8FOFMGK3BP65""","=""FTRUA3UQ3ALTUAP3U1""",Hussain Shafeeq,"=""Hussain Shafeeq""",21-05-2027 09-00-00 Favara,246.17,,488429.09
2027/05/22,2027/05/22,Transfer Debit,"=""RBPM5X07K4AEXLQGPU""","=""FTDQ42JAE1H7KN4ST0""",Ali Shaheed,"=""Ali Shaheed""",22-05-2027 01-00-00 Internet Banking,299.34,,488129.75
2027/05/22,2027/05/22,Favara Debit,"=""RB6ZFM0GE9FCR7U5GH""","=""FTCZIUST0L0PMFB5Q9""",Mariyam Naaz,"=""Mariyam Naaz""",22-05-2027 17-00-00 Favara,352.51,,487777.24
2027/05/23,2027/05/23,Favara Credit,"=""RBTNZPPEK7SI518KQJ""","=""FTFO21B6GYITX13T15""",Freelance Client 1,"=""Freelance Client 1""",23-05-2027 09-00-00 Favara,,405.68,488182.92
2027/05/24,2027/05/24,Favara Credit,"=""RBYU0FEZLTELN1PJOY""","=""FTWYTQA4NJPSZAQZGO""",Ali Shaheed,"=""Ali Shaheed""",24-05-2027 01-00-00 Favara,,458.85,488641.77
2027/05/24,2027/05/24,Transfer Credit,"=""RBSNEIPMSR9IBORIB7""","=""FTAFY59YRUDFYR7U2F""",Hussain Shafeeq,"=""Hussain Shafeeq""",24-05-2027 17-00-00 Internet Banking,,37.02,488678.79
2027/05/25,2027/05/25,Transfer Debit,"=""RB1OP4SVPJWR0FHY98""","=""FTGJS0EP06560W7VT6""",Digitopia Pvt Ltd,"=""Digitopia Pvt Ltd""",25-05-2027 09-00-00 Internet Banking,90.19,,488588.60
2027/05/26,2027/05/26,Favara Debit,"=""RBT41UEDI307H35GYO""","=""FTA1RNM1O8Z81QQ06L""",My Other Bank Account,"=""My Other Bank Account""",26-05-2027 01-00-00 Favara,143.36,,488445.24
2027/05/26,2027/05/26,Favara Credit,"=""RBZB26ZMNUSQ7W87CR""","=""FTKTKTVMOWYC2KNYEB""",My Other Bank Account,"=""My Other Bank Account""",26-05-2027 17-00-00 Favara,,195.00,488640.24
2027/05/27,2027/05/27,Purchase,"=""RB725APNCNFUP6GAI7""","=""FTMW6YX5E6YUN3F7B6""",27-05-2027,"=""Red Banana""",27-05-2027 09-00-00,248.17,,488392.07
2027/05/28,2027/05/28,Purchase,"=""RBWCHXQJ0DDQWIW3G2""","=""FT8EE3YZGBHBWSJ640""",28-05-2027,"=""Avas Ride""",28-05-2027 01-00-00,301.34,,488090.73
2027/05/28,2027/05/28,Purchase,"=""RBECIW2X4D6CWIO09Y""","=""FT9F8GMRAGNXY9TI5B""",28-05-2027,"=""AliExpress""",28-05-2027 17-00-00,354.51,,487736.22
2027/05/29,2027/05/29,Purchase,"=""RBWNF6P2XKTL50AM3G""","=""FT38D4BG80Z7U3BMO1""",29-05-2027,"=""MPGOOGLE YouTube Premium""",29-05-2027 09-00-00,407.68,,487328.54
2027/05/30,2027/05/30,Bill Payment,"=""RBHZZFOB2ZBOCOHJRV""","=""FTIADA31I07ECZQ6TU""",30-05-2027,"=""STELCO BILLPAY""",30-05-2027 01-00-00,460.85,,486867.69
2027/05/30,2027/05/30,Salary,"=""RBWL337DWHOQ6T5H6Q""","=""FTNCWKSHXJIYPMA8UZ""",Synthetic Employer Pvt Ltd,"=""Synthetic Employer Pvt Ltd""",30-05-2027 17-00-00,,14787.00,501654.69
2027/05/31,2027/05/31,ATM Withdrawal,"=""RBZLD0D9YGA751SIPC""","=""FT0F23NT07LHDOC650""",ATM Cash Withdrawal,"=""ATM Cash Withdrawal""",31-05-2027 09-00-00,92.19,,501562.50
2027/06/01,2027/06/01,Credit Card Payment,"=""RBZVIKNY8TK5QDGF8H""","=""FT8FRQ0V5AOYHVCOPJ""",BML Credit Card Payment,"=""BML Credit Card Payment""",01-06-2027 01-00-00,145.36,,501417.14
2027/06/01,2027/06/01,Favara Debit,"=""RBL2ZSCHXW3XJD3VYH""","=""FTPBO0VRBGT3BN0XT0""",Ali Shaheed,"=""Ali Shaheed""",01-06-2027 17-00-00 Favara,197.00,,501220.14
2027/06/02,2027/06/02,Transfer Debit,"=""RBRYUIE45EBVRAZ101""","=""FTA46HNPLEEENP7NEX""",Mariyam Naaz,"=""Mariyam Naaz""",02-06-2027 09-00-00 Internet Banking,250.17,,500969.97
2027/06/03,2027/06/03,Favara Debit,"=""RBFQTCJT8O2IYUFZQ8""","=""FTAVZ7H3BYCSCN8ZE4""",Fathimath Leeza,"=""Fathimath Leeza""",03-06-2027 01-00-00 Favara,303.34,,500666.63
2027/06/03,2027/06/03,Favara Credit,"=""RBX1CV7ZHKDB4QE276""","=""FTZSFYO278LRNKRTN8""",Freelance Client 2,"=""Freelance Client 2""",03-06-2027 17-00-00 Favara,,356.51,501023.14
2027/06/04,2027/06/04,Favara Credit,"=""RBJERBRYO8IEZ8E2A9""","=""FTLDSN0KNAOF6PIRJY""",Mariyam Naaz,"=""Mariyam Naaz""",04-06-2027 09-00-00 Favara,,409.68,501432.82
2027/06/05,2027/06/05,Transfer Credit,"=""RBNBMSUPK4Q4ZUM8GT""","=""FTLB9J2N65N6OQPK7I""",Ali Shaheed,"=""Ali Shaheed""",05-06-2027 01-00-00 Internet Banking,,462.85,501895.67
2027/06/05,2027/06/05,Transfer Debit,"=""RBHZXHA053LIWMWZXH""","=""FTMLKVH3PUYPO6MZFH""",Echbees LLP,"=""Echbees LLP""",05-06-2027 17-00-00 Internet Banking,41.02,,501854.65
2027/06/06,2027/06/06,Favara Debit,"=""RB68ETLY4MKMCC7QOZ""","=""FTWMO90BECQUMR7DDV""",My Other Bank Account,"=""My Other Bank Account""",06-06-2027 09-00-00 Favara,94.19,,501760.46
2027/06/07,2027/06/07,Favara Credit,"=""RBVJ64YAEUMFUB8CEG""","=""FTK0PJ0JORC8JPJS2H""",My Other Bank Account,"=""My Other Bank Account""",07-06-2027 01-00-00 Favara,,147.36,501907.82
2027/06/07,2027/06/07,Purchase,"=""RBT0KLPL172HK8D3J8""","=""FTBKTI5QGPZ1FS41MV""",07-06-2027,"=""Villa Mart""",07-06-2027 17-00-00,199.00,,501708.82
2027/06/08,2027/06/08,Purchase,"=""RB2Z526BZUSFI7XW6C""","=""FTORLV72TXEO4JE972""",08-06-2027,"=""Avas Ride""",08-06-2027 09-00-00,252.17,,501456.65
2027/06/09,2027/06/09,Purchase,"=""RBYP60MY44K8TSMYJR""","=""FTLA0GOH6NV8STTOS8""",09-06-2027,"=""AliExpress""",09-06-2027 01-00-00,305.34,,501151.31
2027/06/09,2027/06/09,Purchase,"=""RBFO4MNAB78CTCQKQV""","=""FT2XEEQBN0UNXF3Z0I""",09-06-2027,"=""MPGOOGLE Google One""",09-06-2027 17-00-00,358.51,,500792.80
2027/06/10,2027/06/10,Bill Payment,"=""RBG9P3BI7WQIR29QH5""","=""FT2HNXS8LW300QXDAG""",10-06-2027,"=""Dhiraagu BILLPAY""",10-06-2027 09-00-00,411.68,,500381.12
2027/06/11,2027/06/11,Salary,"=""RBS376U8JC9FBHBV83""","=""FT2EB934QGC4IRLCWO""",Synthetic Employer Pvt Ltd,"=""Synthetic Employer Pvt Ltd""",11-06-2027 01-00-00,,11436.00,511817.12
2027/06/11,2027/06/11,ATM Withdrawal,"=""RBO33A1UA7DXCF9PEH""","=""FT20E3GYE43JCM3086""",ATM Cash Withdrawal,"=""ATM Cash Withdrawal""",11-06-2027 17-00-00,43.02,,511774.10
2027/06/12,2027/06/12,Credit Card Payment,"=""RBCBGGTEAQCIVO7BPM""","=""FTJ1RYT0QCIZFNIEPK""",BML Credit Card Payment,"=""BML Credit Card Payment""",12-06-2027 09-00-00,96.19,,511677.91
2027/06/13,2027/06/13,Favara Debit,"=""RBGSFV5QUG1RA6A9NI""","=""FTSWXCLP5E0PW6O86Z""",Mariyam Naaz,"=""Mariyam Naaz""",13-06-2027 01-00-00 Favara,149.36,,511528.55
2027/06/13,2027/06/13,Transfer Debit,"=""RBT2UVLGETJXG17S6W""","=""FTXHK0WYEGUWMXDDXN""",Fathimath Leeza,"=""Fathimath Leeza""",13-06-2027 17-00-00 Internet Banking,201.00,,511327.55
2027/06/14,2027/06/14,Favara Debit,"=""RBYT5WVBYDS7FN2NEZ""","=""FTMHQXEGP9GP3H0EM6""",Ahmed Rasheed,"=""Ahmed Rasheed""",14-06-2027 09-00-00 Favara,254.17,,511073.38
2027/06/15,2027/06/15,Favara Credit,"=""RB57DUJQLR4L833YLV""","=""FT9GGNS8JI67D869CV""",Freelance Client 3,"=""Freelance Client 3""",15-06-2027 01-00-00 Favara,,307.34,511380.72
2027/06/15,2027/06/15,Favara Credit,"=""RB9MIHJIU8B9G1LIRE""","=""FTXTQ8XQSMV6IRY78G""",Fathimath Leeza,"=""Fathimath Leeza""",15-06-2027 17-00-00 Favara,,360.51,511741.23
2027/06/16,2027/06/16,Transfer Credit,"=""RB9TGPQYOJAUIEJEKG""","=""FT9R1ONXPT93A1422H""",Mariyam Naaz,"=""Mariyam Naaz""",16-06-2027 09-00-00 Internet Banking,,413.68,512154.91
2027/06/17,2027/06/17,Transfer Debit,"=""RBVGH5WXL4J5DEJHZS""","=""FTWI64BOFN0SO2NBH4""",Coral Works LLP,"=""Coral Works LLP""",17-06-2027 01-00-00 Internet Banking,466.85,,511688.06
2027/06/17,2027/06/17,Favara Debit,"=""RBF6LNG5HIMFZBQQI3""","=""FTWGCBZ264VN1M201O""",My Other Bank Account,"=""My Other Bank Account""",17-06-2027 17-00-00 Favara,45.02,,511643.04
2027/06/18,2027/06/18,Favara Credit,"=""RBYW7QHJY5HCWFP897""","=""FTZL8HPN1FF25YEL7F""",My Other Bank Account,"=""My Other Bank Account""",18-06-2027 09-00-00 Favara,,98.19,511741.23
2027/06/19,2027/06/19,Purchase,"=""RB4L7V0GFWWLXYU0E6""","=""FTKIKMVYW1WDD3U32R""",19-06-2027,"=""Coral Cafe""",19-06-2027 01-00-00,151.36,,511589.87
2027/06/19,2027/06/19,Purchase,"=""RB195Z1SITNX53URQO""","=""FTNUUX8IKS71EJZW1W""",19-06-2027,"=""Avas Ride""",19-06-2027 17-00-00,203.00,,511386.87
2027/06/20,2027/06/20,Purchase,"=""RBUQP0YY5SYESEGXUU""","=""FT4JWFOI584JR99CGW""",20-06-2027,"=""AliExpress""",20-06-2027 09-00-00,256.17,,511130.70
2027/06/21,2027/06/21,Purchase,"=""RBFD6OKZ9HZI9OGIKA""","=""FTDQGRMAK3ZCDUBDO7""",21-06-2027,"=""MPGOOGLE YouTube Premium""",21-06-2027 01-00-00,309.34,,510821.36
2027/06/21,2027/06/21,Bill Payment,"=""RB1NIK90E3XGYWYABL""","=""FTYM4ANRNT3P506314""",21-06-2027,"=""STELCO BILLPAY""",21-06-2027 17-00-00,362.51,,510458.85
2027/06/22,2027/06/22,Salary,"=""RBKUEK2VQ7ZJ8HU5HW""","=""FTN4GAJ7U2RC7ELEMB""",Synthetic Employer Pvt Ltd,"=""Synthetic Employer Pvt Ltd""",22-06-2027 09-00-00,,13085.00,523543.85
2027/06/23,2027/06/23,ATM Withdrawal,"=""RBIKT1NYFH28RPIU0J""","=""FT42K5W6FKV5QQZYP0""",ATM Cash Withdrawal,"=""ATM Cash Withdrawal""",23-06-2027 01-00-00,468.85,,523075.00
2027/06/23,2027/06/23,Credit Card Payment,"=""RBUDM6GSYB0JYU3SY1""","=""FTE886UDIZ1OC0TDV6""",BML Credit Card Payment,"=""BML Credit Card Payment""",23-06-2027 17-00-00,47.02,,523027.98
2027/06/24,2027/06/24,Favara Debit,"=""RBW34TL8IGKCJ6103F""","=""FTAMHXTNN69W238XR9""",Fathimath Leeza,"=""Fathimath Leeza""",24-06-2027 09-00-00 Favara,100.19,,522927.79
2027/06/25,2027/06/25,Transfer Debit,"=""RBAMJRL8WTMZ28EKVB""","=""FT8LZ1L53ZT4PTVAG7""",Ahmed Rasheed,"=""Ahmed Rasheed""",25-06-2027 01-00-00 Internet Banking,153.36,,522774.43
2027/06/25,2027/06/25,Favara Debit,"=""RB48F47O1AG7C4ZP20""","=""FT4V66019AQ4N230W7""",Hussain Shafeeq,"=""Hussain Shafeeq""",25-06-2027 17-00-00 Favara,205.00,,522569.43
2027/06/26,2027/06/26,Favara Credit,"=""RBR5Y7D0X9O6FNCPZR""","=""FTO34OCX50LXTZR24X""",Freelance Client 4,"=""Freelance Client 4""",26-06-2027 09-00-00 Favara,,258.17,522827.60
2027/06/27,2027/06/27,Favara Credit,"=""RB34UUW0MZHLS5N9RD""","=""FTWIPMN8SXQIHLMQQW""",Ahmed Rasheed,"=""Ahmed Rasheed""",27-06-2027 01-00-00 Favara,,311.34,523138.94
2027/06/27,2027/06/27,Transfer Credit,"=""RBMQL2QHH0SSYG6C8R""","=""FTSIAZGB3JTQZQD6P2""",Fathimath Leeza,"=""Fathimath Leeza""",27-06-2027 17-00-00 Internet Banking,,364.51,523503.45
2027/06/28,2027/06/28,Transfer Debit,"=""RBNFM8O25OC8C9KPYH""","=""FTMQ3305X12MDGR1N0""",Digitopia Pvt Ltd,"=""Digitopia Pvt Ltd""",28-06-2027 09-00-00 Internet Banking,417.68,,523085.77
2027/06/29,2027/06/29,Favara Debit,"=""RBMMB2WYYVA9ICQDYL""","=""FT8AR21DHE4BJQ4PVT""",My Other Bank Account,"=""My Other Bank Account""",29-06-2027 01-00-00 Favara,470.85,,522614.92
2027/06/29,2027/06/29,Favara Credit,"=""RBJ5EUS2EFO0U99WND""","=""FT4SKJBEZASM9Q4HAL""",My Other Bank Account,"=""My Other Bank Account""",29-06-2027 17-00-00 Favara,,49.02,522663.94
2027/06/30,2027/06/30,Purchase,"=""RB9F4ULT6OQ6TM8LL0""","=""FTMEETNDAJ2JOOOOP7""",30-06-2027,"=""Red Banana""",30-06-2027 09-00-00,102.19,,522561.75
2027/07/01,2027/07/01,Purchase,"=""RBS0A9A2R3TQYBWR2U""","=""FTBJ4EM3AO2VD5XOQ5""",01-07-2027,"=""Avas Ride""",01-07-2027 01-00-00,155.36,,522406.39
2027/07/01,2027/07/01,Purchase,"=""RBSLTJULB18IKYEKOQ""","=""FTM29JRHF121DB14ZC""",01-07-2027,"=""AliExpress""",01-07-2027 17-00-00,207.00,,522199.39
2027/07/02,2027/07/02,Purchase,"=""RB2VVRBWLJBTA63GQV""","=""FT8LEU3FAN8VR6XBBI""",02-07-2027,"=""MPGOOGLE Google One""",02-07-2027 09-00-00,260.17,,521939.22
2027/07/03,2027/07/03,Bill Payment,"=""RB8DZQF8YCMTLIXJP6""","=""FT311IH1OABBC1COP4""",03-07-2027,"=""Dhiraagu BILLPAY""",03-07-2027 01-00-00,313.34,,521625.88
2027/07/03,2027/07/03,Salary,"=""RBI52Y5Y9WXI4UXJW7""","=""FT9C3VIFC9NMA221ZH""",Synthetic Employer Pvt Ltd,"=""Synthetic Employer Pvt Ltd""",03-07-2027 17-00-00,,14734.00,536359.88
2027/07/04,2027/07/04,ATM Withdrawal,"=""RB49OEIGXXPZW6NSE9""","=""FTWFFT4M1HP82EJQFR""",ATM Cash Withdrawal,"=""ATM Cash Withdrawal""",04-07-2027 09-00-00,419.68,,535940.20
2027/07/05,2027/07/05,Credit Card Payment,"=""RBHJY7LSPJ8S1HWHKX""","=""FT5H601C2KF0FJU2UM""",BML Credit Card Payment,"=""BML Credit Card Payment""",05-07-2027 01-00-00,472.85,,535467.35
2027/07/05,2027/07/05,Favara Debit,"=""RBWRZJHFPHW7NVDF8W""","=""FTJ900VGEFBUKTSF1E""",Ahmed Rasheed,"=""Ahmed Rasheed""",05-07-2027 17-00-00 Favara,51.02,,535416.33
2027/07/06,2027/07/06,Transfer Debit,"=""RB894M53A3VMNZ5MN7""","=""FTYLZGREB2JS5JTPSO""",Hussain Shafeeq,"=""Hussain Shafeeq""",06-07-2027 09-00-00 Internet Banking,104.19,,535312.14
2027/07/07,2027/07/07,Favara Debit,"=""RBQPGX5348N5737SR2""","=""FTW41ZQMZ1ANHVU2KZ""",Ali Shaheed,"=""Ali Shaheed""",07-07-2027 01-00-00 Favara,157.36,,535154.78
2027/07/07,2027/07/07,Favara Credit,"=""RBGU74CPHS95EXWRDQ""","=""FT9A1DJL3526VWCWW0""",Freelance Client 1,"=""Freelance Client 1""",07-07-2027 17-00-00 Favara,,209.00,535363.78
2027/07/08,2027/07/08,Favara Credit,"=""RBY263R9D04ASVVQNM""","=""FTD2PSQGZ8DCUDI4MD""",Hussain Shafeeq,"=""Hussain Shafeeq""",08-07-2027 09-00-00 Favara,,262.17,535625.95
2027/07/09,2027/07/09,Transfer Credit,"=""RBDJM022TM1C6E37VZ""","=""FTQRSDI974P5D2IMDA""",Ahmed Rasheed,"=""Ahmed Rasheed""",09-07-2027 01-00-00 Internet Banking,,315.34,535941.29
2027/07/09,2027/07/09,Transfer Debit,"=""RBM8ULNBQ1439210E7""","=""FTVNPO4KOBCIZEDSWV""",Echbees LLP,"=""Echbees LLP""",09-07-2027 17-00-00 Internet Banking,368.51,,535572.78
2027/07/10,2027/07/10,Favara Debit,"=""RB9VZVU99TKP1DN6KJ""","=""FT9ZU3O9QLL5ADTUOO""",My Other Bank Account,"=""My Other Bank Account""",10-07-2027 09-00-00 Favara,421.68,,535151.10
2027/07/11,2027/07/11,Favara Credit,"=""RB60ZPQGVGCNN0PQKQ""","=""FT0PY97TV58FAXQUBP""",My Other Bank Account,"=""My Other Bank Account""",11-07-2027 01-00-00 Favara,,474.85,535625.95
2027/07/11,2027/07/11,Purchase,"=""RBKGSPTS22A5M9ZHAZ""","=""FTHEUGLST0DBN9HLBT""",11-07-2027,"=""Villa Mart""",11-07-2027 17-00-00,53.02,,535572.93
2027/07/12,2027/07/12,Purchase,"=""RBBGNLDO3PXEWW7X4D""","=""FTNAVKHQDQD0XLSLFI""",12-07-2027,"=""Avas Ride""",12-07-2027 09-00-00,106.19,,535466.74
2027/07/13,2027/07/13,Purchase,"=""RBPOKVK9EQ924AZRF0""","=""FTPJOIPI8488584FEA""",13-07-2027,"=""AliExpress""",13-07-2027 01-00-00,159.36,,535307.38
2027/07/13,2027/07/13,Purchase,"=""RBT5W3D640BXAG29TZ""","=""FTP0JSS4Y3WHMP4NPF""",13-07-2027,"=""MPGOOGLE YouTube Premium""",13-07-2027 17-00-00,211.00,,535096.38
2027/07/14,2027/07/14,Bill Payment,"=""RB5MOME2XWPZLT89YC""","=""FTA2475BC48943TMME""",14-07-2027,"=""STELCO BILLPAY""",14-07-2027 09-00-00,264.17,,534832.21
2027/07/15,2027/07/15,Salary,"=""RBLAO9Q8FARJI2YGSO""","=""FTO09F5Z1Y3CRM0EQ4""",Synthetic Employer Pvt Ltd,"=""Synthetic Employer Pvt Ltd""",15-07-2027 01-00-00,,11383.00,546215.21
2027/07/15,2027/07/15,ATM Withdrawal,"=""RBDMAUFZJSIYLR5T1Q""","=""FTLFIIWK7YMTBZCBKM""",ATM Cash Withdrawal,"=""ATM Cash Withdrawal""",15-07-2027 17-00-00,370.51,,545844.70
2027/07/16,2027/07/16,Credit Card Payment,"=""RBO41DRWEDJ760T1CP""","=""FT9TNGMMXZ4U1UZDDF""",BML Credit Card Payment,"=""BML Credit Card Payment""",16-07-2027 09-00-00,423.68,,545421.02
2027/07/17,2027/07/17,Favara Debit,"=""RBVE60D2U64ZZBSAFA""","=""FTUNSYCFK5QECEUPII""",Hussain Shafeeq,"=""Hussain Shafeeq""",17-07-2027 01-00-00 Favara,476.85,,544944.17
2027/07/17,2027/07/17,Transfer Debit,"=""RBJASMN39W3E10SO2E""","=""FTUHD34F1ICQAC40T8""",Ali Shaheed,"=""Ali Shaheed""",17-07-2027 17-00-00 Internet Banking,55.02,,544889.15
2027/07/18,2027/07/18,Favara Debit,"=""RBTH6HAGME2CGKOYA9""","=""FTPZKXZF093M89HZ3F""",Mariyam Naaz,"=""Mariyam Naaz""",18-07-2027 09-00-00 Favara,108.19,,544780.96
2027/07/19,2027/07/19,Favara Credit,"=""RBKKGZDMCLL5CEIOHN""","=""FTTYQRJFO9NBMKZE6R""",Freelance Client 2,"=""Freelance Client 2""",19-07-2027 01-00-00 Favara,,161.36,544942.32
2027/07/19,2027/07/19,Favara Credit,"=""RB281TYMQ9LZX7Z485""","=""FTSUYKFSS4D66DN6WI""",Ali Shaheed,"=""Ali Shaheed""",19-07-2027 17-00-00 Favara,,213.00,545155.32
2027/07/20,2027/07/20,Transfer Credit,"=""RBJ3TI6DKAQ4ESCFF5""","=""FTV6UK531B3N130O17""",Hussain Shafeeq,"=""Hussain Shafeeq""",20-07-2027 09-00-00 Internet Banking,,266.17,545421.49
2027/07/21,2027/07/21,Transfer Debit,"=""RBJCX41QT86BX2QIPN""","=""FT1TSG2B2Z54KF2HQV""",Coral Works LLP,"=""Coral Works LLP""",21-07-2027 01-00-00 Internet Banking,319.34,,545102.15
2027/07/21,2027/07/21,Favara Debit,"=""RBVCJBI84N12SC2I4G""","=""FTK6EOZLRG7UAF9BSF""",My Other Bank Account,"=""My Other Bank Account""",21-07-2027 17-00-00 Favara,372.51,,544729.64
2027/07/22,2027/07/22,Favara Credit,"=""RBRQ9LGRIMHGQTXHH8""","=""FTCI1I47COS6VAI29M""",My Other Bank Account,"=""My Other Bank Account""",22-07-2027 09-00-00 Favara,,425.68,545155.32
2027/07/23,2027/07/23,Purchase,"=""RBR7NYMBACQIJN5YFL""","=""FT37SI67OIFQM6FIA7""",23-07-2027,"=""Coral Cafe""",23-07-2027 01-00-00,478.85,,544676.47
2027/07/23,2027/07/23,Purchase,"=""RB8WW0PEA4GYUXPW84""","=""FTEFL8SC8N1MHZP4NY""",23-07-2027,"=""Avas Ride""",23-07-2027 17-00-00,57.02,,544619.45
2027/07/24,2027/07/24,Purchase,"=""RB7GYM240BWUGCS9O3""","=""FTLZHBO8N71VDMZBGJ""",24-07-2027,"=""AliExpress""",24-07-2027 09-00-00,110.19,,544509.26
2027/07/25,2027/07/25,Purchase,"=""RBS52RTY8L9GSS1COM""","=""FTVMA1QDCHVD9CQRER""",25-07-2027,"=""MPGOOGLE Google One""",25-07-2027 01-00-00,163.36,,544345.90
2027/07/25,2027/07/25,Bill Payment,"=""RBU3Y7T1K1APZCNAL6""","=""FT3QYCGXEALFFEDWIB""",25-07-2027,"=""Dhiraagu BILLPAY""",25-07-2027 17-00-00,215.00,,544130.90
2027/07/26,2027/07/26,Salary,"=""RB6TC55TB0Z39EW4B3""","=""FTSDTQQWFKIJOKR47L""",Synthetic Employer Pvt Ltd,"=""Synthetic Employer Pvt Ltd""",26-07-2027 09-00-00,,13032.00,557162.90
2027/07/27,2027/07/27,ATM Withdrawal,"=""RBFTNPKMG4649BH23A""","=""FTZP66PUUYU5BGS1QZ""",ATM Cash Withdrawal,"=""ATM Cash Withdrawal""",27-07-2027 01-00-00,321.34,,556841.56
2027/07/27,2027/07/27,Credit Card Payment,"=""RBIHW5XZ0PXGNYA0YW""","=""FT0W815ZV75B2DDSPD""",BML Credit Card Payment,"=""BML Credit Card Payment""",27-07-2027 17-00-00,374.51,,556467.05
2027/07/28,2027/07/28,Favara Debit,"=""RBA2W3L4SYGIFNXD8W""","=""FTC45S6QJQ4EROAN06""",Ali Shaheed,"=""Ali Shaheed""",28-07-2027 09-00-00 Favara,427.68,,556039.37
2027/07/29,2027/07/29,Transfer Debit,"=""RBILV2W60KPE2G0E8L""","=""FTJO7LFTE8QVYIEL28""",Mariyam Naaz,"=""Mariyam Naaz""",29-07-2027 01-00-00 Internet Banking,480.85,,555558.52
2027/07/29,2027/07/29,Favara Debit,"=""RBUY6039TR0BF9WQJ5""","=""FTR3SUU6T7EBMBV034""",Fathimath Leeza,"=""Fathimath Leeza""",29-07-2027 17-00-00 Favara,59.02,,555499.50
2027/07/30,2027/07/30,Favara Credit,"=""RBNU7RBFLUIG14TFFE""","=""FT188QP9D43MJFTZRJ""",Freelance Client 3,"=""Freelance Client 3""",30-07-2027 09-00-00 Favara,,112.19,555611.69
2027/07/31,2027/07/31,Favara Credit,"=""RB2G46LV2YI3ETU9DO""","=""FTXT0HKY31JQZV02M1""",Mariyam Naaz,"=""Mariyam Naaz""",31-07-2027 01-00-00 Favara,,165.36,555777.05
2027/07/31,2027/07/31,Transfer Credit,"=""RBKU0ZKVBQFT31RUBM""","=""FTUPSLRLSFYVDJW31M""",Ali Shaheed,"=""Ali Shaheed""",31-07-2027 17-00-00 Internet Banking,,217.00,555994.05
2027/08/01,2027/08/01,Transfer Debit,"=""RBDNZH0E3A0QO0Y90P""","=""FT2G2D6RO0MW3PNDF9""",Digitopia Pvt Ltd,"=""Digitopia Pvt Ltd""",01-08-2027 09-00-00 Internet Banking,270.17,,555723.88
2027/08/02,2027/08/02,Favara Debit,"=""RBNUMTYWIC5Q63KFTH""","=""FT604FMH08LT0Q7HHH""",My Other Bank Account,"=""My Other Bank Account""",02-08-2027 01-00-00 Favara,323.34,,555400.54
2027/08/02,2027/08/02,Favara Credit,"=""RBWYNNYUI2M54U72OB""","=""FTB0YAOCIJ7ZZAI2FY""",My Other Bank Account,"=""My Other Bank Account""",02-08-2027 17-00-00 Favara,,376.51,555777.05
2027/08/03,2027/08/03,Purchase,"=""RBBTRLW0HL57F7GSH9""","=""FTEJIMP38XOSQ7W10T""",03-08-2027,"=""Red Banana""",03-08-2027 09-00-00,429.68,,555347.37
2027/08/04,2027/08/04,Purchase,"=""RBOP2YK4JY6VZBVMSS""","=""FTTIHJM52CL5N3OKLD""",04-08-2027,"=""Avas Ride""",04-08-2027 01-00-00,482.85,,554864.52
2027/08/04,2027/08/04,Purchase,"=""RBEWNK46O5YLXW02MQ""","=""FTG1RCCZQ73OSR8BTE""",04-08-2027,"=""AliExpress""",04-08-2027 17-00-00,61.02,,554803.50
2027/08/05,2027/08/05,Purchase,"=""RB65SDA8H1FEQ0YZG1""","=""FTO3Z43A30JNGXAIVC""",05-08-2027,"=""MPGOOGLE YouTube Premium""",05-08-2027 09-00-00,114.19,,554689.31
2027/08/06,2027/08/06,Bill Payment,"=""RBEZ2OXWWMQI1NZJQ2""","=""FTOJBKHCEP6SZ5043X""",06-08-2027,"=""STELCO BILLPAY""",06-08-2027 01-00-00,167.36,,554521.95
2027/08/06,2027/08/06,Salary,"=""RBTFRUJCCGLMXIH7DK""","=""FT58GI0WJUPXT8R4PE""",Synthetic Employer Pvt Ltd,"=""Synthetic Employer Pvt Ltd""",06-08-2027 17-00-00,,14681.00,569202.95
2027/08/07,2027/08/07,ATM Withdrawal,"=""RBMRQJ6GF0RSLYCTYR""","=""FTYU7KGN62BYEJ5IR9""",ATM Cash Withdrawal,"=""ATM Cash Withdrawal""",07-08-2027 09-00-00,272.17,,568930.78
2027/08/08,2027/08/08,Credit Card Payment,"=""RB1YQDUX0AVAPJBNHD""","=""FT18TIP1BSDA5LUOML""",BML Credit Card Payment,"=""BML Credit Card Payment""",08-08-2027 01-00-00,325.34,,568605.44
2027/08/08,2027/08/08,Favara Debit,"=""RB7WMQWP2HWUHQBLJ4""","=""FTI8ATL85634QQCH64""",Mariyam Naaz,"=""Mariyam Naaz""",08-08-2027 17-00-00 Favara,378.51,,568226.93
2027/08/09,2027/08/09,Transfer Debit,"=""RBZD37M72G2AWLL80Y""","=""FT8CJSQ2S2MAJQAL0C""",Fathimath Leeza,"=""Fathimath Leeza""",09-08-2027 09-00-00 Internet Banking,431.68,,567795.25
2027/08/10,2027/08/10,Favara Debit,"=""RBVIM9CDJBKWLMYKM9""","=""FTFJGJC8XER3VWJTQ4""",Ahmed Rasheed,"=""Ahmed Rasheed""",10-08-2027 01-00-00 Favara,484.85,,567310.40
2027/08/10,2027/08/10,Favara Credit,"=""RBN7J9DRB5DX8SQG9M""","=""FTQRTJUOR3VDZF0PO4""",Freelance Client 4,"=""Freelance Client 4""",10-08-2027 17-00-00 Favara,,63.02,567373.42
2027/08/11,2027/08/11,Favara Credit,"=""RBKRWKR38BIZDWWFJS""","=""FTRQ91LU1ZU9HFMPHZ""",Fathimath Leeza,"=""Fathimath Leeza""",11-08-2027 09-00-00 Favara,,116.19,567489.61
2027/08/12,2027/08/12,Transfer Credit,"=""RBNKIFFOY3Y1RVD0RQ""","=""FTT1O79UNAT6RG5ULP""",Mariyam Naaz,"=""Mariyam Naaz""",12-08-2027 01-00-00 Internet Banking,,169.36,567658.97
2027/08/12,2027/08/12,Transfer Debit,"=""RBTR8ZWK4ABIM2VA3D""","=""FTLU8BYUJQU6PUQ1KL""",Echbees LLP,"=""Echbees LLP""",12-08-2027 17-00-00 Internet Banking,221.00,,567437.97
2027/08/13,2027/08/13,Favara Debit,"=""RB53HY75M4RYRAIICM""","=""FTCBWKSPGD3WPRR2KU""",My Other Bank Account,"=""My Other Bank Account""",13-08-2027 09-00-00 Favara,274.17,,567163.80
2027/08/14,2027/08/14,Favara Credit,"=""RBAXMFEOYMMUTK20W5""","=""FTLBY84BW843DA7EMS""",My Other Bank Account,"=""My Other Bank Account""",14-08-2027 01-00-00 Favara,,327.34,567491.14
2027/08/14,2027/08/14,Purchase,"=""RBLP45704V3X826AN4""","=""FTD7OGHTBMKRXTYOU4""",14-08-2027,"=""Villa Mart""",14-08-2027 17-00-00,380.51,,567110.63
2027/08/15,2027/08/15,Purchase,"=""RBB1BV8TBIW7I885XM""","=""FT85M8TPW9I4EQFM8U""",15-08-2027,"=""Avas Ride""",15-08-2027 09-00-00,433.68,,566676.95
2027/08/16,2027/08/16,Purchase,"=""RB9OOR4W73K0ZCU3RF""","=""FT8CBWUFEVRAMWOBDR""",16-08-2027,"=""AliExpress""",16-08-2027 01-00-00,486.85,,566190.10
2027/08/16,2027/08/16,Purchase,"=""RB2B19SO1PJMNY22U7""","=""FTWAZ1YLR0IX2ANME3""",16-08-2027,"=""MPGOOGLE Google One""",16-08-2027 17-00-00,65.02,,566125.08
2027/08/17,2027/08/17,Bill Payment,"=""RBABGVMGK9XGP6TTRY""","=""FTVZHZAGCDU0LFQPII""",17-08-2027,"=""Dhiraagu BILLPAY""",17-08-2027 09-00-00,118.19,,566006.89
2027/08/18,2027/08/18,Salary,"=""RBDKBS3CV96LYDKBBR""","=""FTL6T7MBGVLR296PZ1""",Synthetic Employer Pvt Ltd,"=""Synthetic Employer Pvt Ltd""",18-08-2027 01-00-00,,11330.00,577336.89
2027/08/18,2027/08/18,ATM Withdrawal,"=""RBT0XC6MXUBY8K5D77""","=""FT7H7F0BR86S3O4W2V""",ATM Cash Withdrawal,"=""ATM Cash Withdrawal""",18-08-2027 17-00-00,223.00,,577113.89
2027/08/19,2027/08/19,Credit Card Payment,"=""RB2JF9OM9JS8G7VSH0""","=""FTQQZXT68NSFMM0PW0""",BML Credit Card Payment,"=""BML Credit Card Payment""",19-08-2027 09-00-00,276.17,,576837.72
2027/08/20,2027/08/20,Favara Debit,"=""RB9UJCKUNUCU9L4JME""","=""FTVCUFJ7Y7YQQY3DT2""",Fathimath Leeza,"=""Fathimath Leeza""",20-08-2027 01-00-00 Favara,329.34,,576508.38
2027/08/20,2027/08/20,Transfer Debit,"=""RBLHY3F2HZI24K39BB""","=""FT049D3CXVCFQDDFOM""",Ahmed Rasheed,"=""Ahmed Rasheed""",20-08-2027 17-00-00 Internet Banking,382.51,,576125.87
2027/08/21,2027/08/21,Favara Debit,"=""RBDCKJRD3UI368RIRP""","=""FT25YP8HKTZBAIKH1P""",Hussain Shafeeq,"=""Hussain Shafeeq""",21-08-2027 09-00-00 Favara,435.68,,575690.19
2027/08/22,2027/08/22,Favara Credit,"=""RBQO8R0D8VMXDJ353L""","=""FTJYNVM01L69MQISBX""",Freelance Client 1,"=""Freelance Client 1""",22-08-2027 01-00-00 Favara,,488.85,576179.04
2027/08/22,2027/08/22,Favara Credit,"=""RB4U3KT0SJYPZOGPMC""","=""FT19ELDMARQ37AJ57I""",Ahmed Rasheed,"=""Ahmed Rasheed""",22-08-2027 17-00-00 Favara,,67.02,576246.06
2027/08/23,2027/08/23,Transfer Credit,"=""RBQ8SX0X0CBZ52LCIZ""","=""FTMRM0XIYBFNGPOTCB""",Fathimath Leeza,"=""Fathimath Leeza""",23-08-2027 09-00-00 Internet Banking,,120.19,576366.25
2027/08/24,2027/08/24,Transfer Debit,"=""RBOD9ATXTOGOVUDSU7""","=""FTSAYSR1DDPULMWGU6""",Coral Works LLP,"=""Coral Works LLP""",24-08-2027 01-00-00 Internet Banking,173.36,,576192.89
2027/08/24,2027/08/24,Favara Debit,"=""RBWL5TUZRXVCMUUFZT""","=""FTMQY8CLIBVZ2DRCF9""",My Other Bank Account,"=""My Other Bank Account""",24-08-2027 17-00-00 Favara,225.00,,575967.89
2027/08/25,2027/08/25,Purchase Reversal,"=""RBV1OE0YPN6A4QTZUE""","=""FTY4U1L89GTXESDVLD""",Hussain Shafeeq,"=""Hussain Shafeeq""",REVERSAL 25-08-2027 09-00-00,,220.17,576188.06
2027/08/26,2027/08/26,Purchase,"=""RB0688A5413WD20XK4""","=""FT9PVF0EGUM7DACSDA""",26-08-2027,"=""Coral Cafe""",26-08-2027 01-00-00,331.34,,575856.72
2027/08/26,2027/08/26,Purchase,"=""RBSFD7ZO6PPACL1EWD""","=""FT5FZZG6CLN1CYIVIG""",26-08-2027,"=""Avas Ride""",26-08-2027 17-00-00,384.51,,575472.21
2027/08/27,2027/08/27,Purchase,"=""RB4K48I8V0JY4FCRQ3""","=""FTPTU9QHEU9PMAPDUU""",27-08-2027,"=""AliExpress""",27-08-2027 09-00-00,437.68,,575034.53
2027/08/28,2027/08/28,Purchase,"=""RB45L4AKTPV2LO9MQX""","=""FTBBA56S0LLGWDPX9J""",28-08-2027,"=""MPGOOGLE YouTube Premium""",28-08-2027 01-00-00,490.85,,574543.68
2027/08/28,2027/08/28,Bill Payment,"=""RBBYF84H01VYJFUNP9""","=""FT28TLY8NA44YOYHD6""",28-08-2027,"=""STELCO BILLPAY""",28-08-2027 17-00-00,69.02,,574474.66
2027/08/29,2027/08/29,Salary,"=""RBRU2MESG2TH4U2165""","=""FT6SUK3VOH5FILQ635""",Synthetic Employer Pvt Ltd,"=""Synthetic Employer Pvt Ltd""",29-08-2027 09-00-00,,12979.00,587453.66
2027/08/30,2027/08/30,ATM Withdrawal,"=""RB7Y7BCI49HQQDGAM1""","=""FTL31EONSOQIHCI8H2""",ATM Cash Withdrawal,"=""ATM Cash Withdrawal""",30-08-2027 01-00-00,175.36,,587278.30
2027/08/30,2027/08/30,Credit Card Payment,"=""RBT4NNSKSQ6VLY726Z""","=""FT8MOREVV056A4DZRH""",BML Credit Card Payment,"=""BML Credit Card Payment""",30-08-2027 17-00-00,227.00,,587051.30
2027/08/31,2027/08/31,Favara Debit,"=""RB6HRBRK95H1ZOYR8A""","=""FTUOEF4H2TYEHKH5XX""",Ahmed Rasheed,"=""Ahmed Rasheed""",31-08-2027 09-00-00 Favara,280.17,,586771.13
2027/09/01,2027/09/01,Transfer Debit,"=""RB4GXRH2PMWVCIVNL4""","=""FT6I3XWYZL8ZMFZ8P9""",Hussain Shafeeq,"=""Hussain Shafeeq""",01-09-2027 01-00-00 Internet Banking,333.34,,586437.79
2027/09/01,2027/09/01,Favara Debit,"=""RBWYADA3V5UCLKHWMS""","=""FTRK9CQR091XP58C6Z""",Ali Shaheed,"=""Ali Shaheed""",01-09-2027 17-00-00 Favara,386.51,,586051.28
2027/09/02,2027/09/02,Favara Credit,"=""RBCTWH6VOLTAHROX29""","=""FT7OGUON6GG9EUUMHK""",Freelance Client 2,"=""Freelance Client 2""",02-09-2027 09-00-00 Favara,,439.68,586490.96
2027/09/03,2027/09/03,Favara Credit,"=""RBS7VBW5JOSBL10M78""","=""FTPTW8S4FJ1KDKD7WN""",Hussain Shafeeq,"=""Hussain Shafeeq""",03-09-2027 01-00-00 Favara,,492.85,586983.81
2027/09/03,2027/09/03,Transfer Credit,"=""RBQNEWCPTDYOGZ2QWW""","=""FTO7MWGTAHI34V7YJQ""",Ahmed Rasheed,"=""Ahmed Rasheed""",03-09-2027 17-00-00 Internet Banking,,71.02,587054.83
2027/09/04,2027/09/04,Transfer Debit,"=""RBE1GRPJ3PW2RHN34T""","=""FT9W8UWM2F3553VRXZ""",Digitopia Pvt Ltd,"=""Digitopia Pvt Ltd""",04-09-2027 09-00-00 Internet Banking,124.19,,586930.64
2027/09/05,2027/09/05,Favara Debit,"=""RBG4K63T2UCMLY3GV5""","=""FT2TD4H0MA1ONGBDHL""",My Other Bank Account,"=""My Other Bank Account""",05-09-2027 01-00-00 Favara,177.36,,586753.28
2027/09/05,2027/09/05,Favara Credit,"=""RBAYPDG5H0TTXG79VG""","=""FTP6HVUOORXYHDD6XN""",My Other Bank Account,"=""My Other Bank Account""",05-09-2027 17-00-00 Favara,,229.00,586982.28
2027/09/06,2027/09/06,Purchase,"=""RBM18UEJ25BJ5O821V""","=""FTIDXQEDLNOBSQF5QJ""",06-09-2027,"=""Red Banana""",06-09-2027 09-00-00,282.17,,586700.11
2027/09/07,2027/09/07,Purchase,"=""RB9LJ1OHEEO6STHX0P""","=""FT2GCOZ4TVYAKGGIPN""",07-09-2027,"=""Avas Ride""",07-09-2027 01-00-00,335.34,,586364.77
2027/09/07,2027/09/07,Purchase,"=""RBO33MALRSIVURGUX5""","=""FTODLZY26K8U1Z7ZBR""",07-09-2027,"=""AliExpress""",07-09-2027 17-00-00,388.51,,585976.26
2027/09/08,2027/09/08,Purchase,"=""RBD7M0SYE9C7ZUXXNO""","=""FT0MDXCJYKEHPPOOMR""",08-09-2027,"=""MPGOOGLE Google One""",08-09-2027 09-00-00,441.68,,585534.58
2027/09/09,2027/09/09,Bill Payment,"=""RB3J4HQ4SBRFUVSJ32""","=""FT5YV5YAR1QYC6TCJ1""",09-09-2027,"=""Dhiraagu BILLPAY""",09-09-2027 01-00-00,494.85,,585039.73
2027/09/09,2027/09/09,Salary,"=""RBFMM9O0LV5QTVBOOQ""","=""FTL6NO4ASRB8NV3OG9""",Synthetic Employer Pvt Ltd,"=""Synthetic Employer Pvt Ltd""",09-09-2027 17-00-00,,14628.00,599667.73
2027/09/10,2027/09/10,ATM Withdrawal,"=""RBAFG5BU62106C17S9""","=""FTDIL69SJ1OZE3TPDV""",ATM Cash Withdrawal,"=""ATM Cash Withdrawal""",10-09-2027 09-00-00,126.19,,599541.54
2027/09/11,2027/09/11,Credit Card Payment,"=""RB3VF2IW42VGDHIYOP""","=""FT3ZR53SSJY9BR7IVI""",BML Credit Card Payment,"=""BML Credit Card Payment""",11-09-2027 01-00-00,179.36,,599362.18
2027/09/11,2027/09/11,Favara Debit,"=""RBSCI74X5WUJA7UP5Q""","=""FTF4OQKH2L6P9QHT30""",Hussain Shafeeq,"=""Hussain Shafeeq""",11-09-2027 17-00-00 Favara,231.00,,599131.18
2027/09/12,2027/09/12,Transfer Debit,"=""RBLTEQVDYAZHC37R18""","=""FTVT2LURK4W8M14HXT""",Ali Shaheed,"=""Ali Shaheed""",12-09-2027 09-00-00 Internet Banking,284.17,,598847.01
2027/09/13,2027/09/13,Favara Debit,"=""RBTX3ZBRWRHBGV3ABO""","=""FTJ5F3RDSZK1HBYDQ1""",Mariyam Naaz,"=""Mariyam Naaz""",13-09-2027 01-00-00 Favara,337.34,,598509.67
2027/09/13,2027/09/13,Favara Credit,"=""RBBH8XPYWNSOC5LW0I""","=""FTSGEH05391GT7U1MM""",Freelance Client 3,"=""Freelance Client 3""",13-09-2027 17-00-00 Favara,,390.51,598900.18
2027/09/14,2027/09/14,Favara Credit,"=""RBHK77H4WNT4H3BEU9""","=""FTPUYBLEP5NWMQHRJQ""",Ali Shaheed,"=""Ali Shaheed""",14-09-2027 09-00-00 Favara,,443.68,599343.86
2027/09/15,2027/09/15,Transfer Credit,"=""RBOU66L3ZKHPPR6UU0""","=""FTSOERSJOT1BCY1CUX""",Hussain Shafeeq,"=""Hussain Shafeeq""",15-09-2027 01-00-00 Internet Banking,,496.85,599840.71
2027/09/15,2027/09/15,Transfer Debit,"=""RBTJ0LWOR41GG0PSKH""","=""FTWC2HR5ULDTRIGEEV""",Echbees LLP,"=""Echbees LLP""",15-09-2027 17-00-00 Internet Banking,75.02,,599765.69
2027/09/16,2027/09/16,Favara Debit,"=""RBYXORM4U8S4VKUVD2""","=""FTTN84CK17AKJTDCLL""",My Other Bank Account,"=""My Other Bank Account""",16-09-2027 09-00-00 Favara,128.19,,599637.50
2027/09/17,2027/09/17,Favara Credit,"=""RBJLF6M9ZHFBQBI58J""","=""FTOH7CZJHBSXXEU70C""",My Other Bank Account,"=""My Other Bank Account""",17-09-2027 01-00-00 Favara,,181.36,599818.86
2027/09/17,2027/09/17,Purchase,"=""RBRX7ZT9U4064NHF58""","=""FT8SGR66NC9B3J460Z""",17-09-2027,"=""Villa Mart""",17-09-2027 17-00-00,233.00,,599585.86
2027/09/18,2027/09/18,Purchase,"=""RB1JOF6EYJX7AMLLVG""","=""FT6C05TKHYZRJF5I2S""",18-09-2027,"=""Avas Ride""",18-09-2027 09-00-00,286.17,,599299.69
2027/09/19,2027/09/19,Purchase,"=""RBVE6V1U78OWXT9NPD""","=""FTHNQITEMMTE5YH47V""",19-09-2027,"=""AliExpress""",19-09-2027 01-00-00,339.34,,598960.35
2027/09/19,2027/09/19,Purchase,"=""RBD9PBTFOF12FGB6A9""","=""FT1V01MP6OFIYCCUL9""",19-09-2027,"=""MPGOOGLE YouTube Premium""",19-09-2027 17-00-00,392.51,,598567.84
2027/09/20,2027/09/20,Bill Payment,"=""RB6UBNIFD1N8X5BZ7L""","=""FTS47ZSAAJI1IYBKQT""",20-09-2027,"=""STELCO BILLPAY""",20-09-2027 09-00-00,445.68,,598122.16
2027/09/21,2027/09/21,Salary,"=""RBFPJ58SGET7FZRWFK""","=""FT141WSJH9T3UGBLG3""",Synthetic Employer Pvt Ltd,"=""Synthetic Employer Pvt Ltd""",21-09-2027 01-00-00,,11277.00,609399.16
2027/09/21,2027/09/21,ATM Withdrawal,"=""RB9C2UGPA8ZRKP2I9B""","=""FTEQF3MUY9N6BKUUJX""",ATM Cash Withdrawal,"=""ATM Cash Withdrawal""",21-09-2027 17-00-00,77.02,,609322.14
2027/09/22,2027/09/22,Credit Card Payment,"=""RB15SUJOIVC9MX21AL""","=""FTELT04FOE962K48WK""",BML Credit Card Payment,"=""BML Credit Card Payment""",22-09-2027 09-00-00,130.19,,609191.95
2027/09/23,2027/09/23,Favara Debit,"=""RBDKDCT5IV3RFEPC43""","=""FTCAB3U1CVGIY1EN29""",Ali Shaheed,"=""Ali Shaheed""",23-09-2027 01-00-00 Favara,183.36,,609008.59
2027/09/23,2027/09/23,Transfer Debit,"=""RBIM4LHE2H40PBOHTK""","=""FTZ5109AWAPJF83CWL""",Mariyam Naaz,"=""Mariyam Naaz""",23-09-2027 17-00-00 Internet Banking,235.00,,608773.59
2027/09/24,2027/09/24,Favara Debit,"=""RBG8E8DXHASI020M1Z""","=""FT27662W7HRETFCODY""",Fathimath Leeza,"=""Fathimath Leeza""",24-09-2027 09-00-00 Favara,288.17,,608485.42
2027/09/25,2027/09/25,Favara Credit,"=""RBKQQS6B0II0KWE3V4""","=""FTIXW3K1VN1DRPRWSE""",Freelance Client 4,"=""Freelance Client 4""",25-09-2027 01-00-00 Favara,,341.34,608826.76
2027/09/25,2027/09/25,Favara Credit,"=""RBQO9CWC284PO794W2""","=""FTPH5V43WQDD8S5HGY""",Mariyam Naaz,"=""Mariyam Naaz""",25-09-2027 17-00-00 Favara,,394.51,609221.27
2027/09/26,2027/09/26,Transfer Credit,"=""RBR1T86C0481J086EG""","=""FTUHC8LVQ92L3ZBU9H""",Ali Shaheed,"=""Ali Shaheed""",26-09-2027 09-00-00 Internet Banking,,447.68,609668.95
2027/09/27,2027/09/27,Transfer Debit,"=""RBWWEE6U4CL7Z07HTW""","=""FT784KWQK9G3YESFU9""",Coral Works LLP,"=""Coral Works LLP""",27-09-2027 01-00-00 Internet Banking,25.85,,609643.10
2027/09/27,2027/09/27,Favara Debit,"=""RB8COX7PAZYY0I437G""","=""FTT6HPI3KZ2RI9AS0X""",My Other Bank Account,"=""My Other Bank Account""",27-09-2027 17-00-00 Favara,79.02,,609564.08
2027/09/28,2027/09/28,Favara Credit,"=""RBWU3NEBBR2XIA7X4Y""","=""FT3R6JM8X75P8HSKU7""",My Other Bank Account,"=""My Other Bank Account""",28-09-2027 09-00-00 Favara,,132.19,609696.27
2027/09/29,2027/09/29,Purchase,"=""RB70B4IV1EZRSPAXZ3""","=""FTEHWM4I6MI58B6C80""",29-09-2027,"=""Coral Cafe""",29-09-2027 01-00-00,185.36,,609510.91
2027/09/29,2027/09/29,Purchase,"=""RB0HSYWFLP4XIZD09N""","=""FTH02CNAAY30RUHRGP""",29-09-2027,"=""Avas Ride""",29-09-2027 17-00-00,237.00,,609273.91
2027/09/30,2027/09/30,Purchase,"=""RBIU55GLQVVGY5KSFH""","=""FTRQPN3F1V3EOHJ41I""",30-09-2027,"=""AliExpress""",30-09-2027 09-00-00,290.17,,608983.74
2027/10/01,2027/10/01,Purchase,"=""RBT7A0FHQE27U9QDYI""","=""FTBTIDNVL5E738CRLV""",01-10-2027,"=""MPGOOGLE Google One""",01-10-2027 01-00-00,343.34,,608640.40
2027/10/01,2027/10/01,Bill Payment,"=""RBI36DIPTZQA28HDA3""","=""FTZ6IQGZ7NTLN3I53E""",01-10-2027,"=""Dhiraagu BILLPAY""",01-10-2027 17-00-00,396.51,,608243.89
2027/10/02,2027/10/02,Salary,"=""RB77Q93VFYC53QGFWF""","=""FTZC1EZDDD7YQ36001""",Synthetic Employer Pvt Ltd,"=""Synthetic Employer Pvt Ltd""",02-10-2027 09-00-00,,12926.00,621169.89
2027/10/03,2027/10/03,ATM Withdrawal,"=""RB2DS1B63DS0OWQ02U""","=""FT1TWBKEFLK3OH2ZE9""",ATM Cash Withdrawal,"=""ATM Cash Withdrawal""",03-10-2027 01-00-00,27.85,,621142.04
2027/10/03,2027/10/03,Credit Card Payment,"=""RBIQL38PPCWA2TU7AY""","=""FT8Q6K6XQQTAGO4RAC""",BML Credit Card Payment,"=""BML Credit Card Payment""",03-10-2027 17-00-00,81.02,,621061.02
2027/10/04,2027/10/04,Favara Debit,"=""RB3GX02YXJ8LSWUBVK""","=""FTH6OBG3OBANY778BO""",Mariyam Naaz,"=""Mariyam Naaz""",04-10-2027 09-00-00 Favara,134.19,,620926.83
2027/10/05,2027/10/05,Transfer Debit,"=""RBEM0JG4XDR7AINFZ5""","=""FTGE2EY4NZAP3YZRZS""",Fathimath Leeza,"=""Fathimath Leeza""",05-10-2027 01-00-00 Internet Banking,187.36,,620739.47
2027/10/05,2027/10/05,Favara Debit,"=""RBZIFJO72Q9VX7KL6U""","=""FTBDPRDFJZL8QB4TN5""",Ahmed Rasheed,"=""Ahmed Rasheed""",05-10-2027 17-00-00 Favara,239.00,,620500.47
2027/10/06,2027/10/06,Favara Credit,"=""RBJQ7LRCLFV4CZ9UK9""","=""FTC7BF2EQRP5855CFV""",Freelance Client 1,"=""Freelance Client 1""",06-10-2027 09-00-00 Favara,,292.17,620792.64
2027/10/07,2027/10/07,Favara Credit,"=""RBJ6ELAZDI8T0OFM88""","=""FT21BERMAZ87TBHPOV""",Fathimath Leeza,"=""Fathimath Leeza""",07-10-2027 01-00-00 Favara,,345.34,621137.98
2027/10/07,2027/10/07,Transfer Credit,"=""RBBA56QCD2SCJPA86S""","=""FTB5FSF3QVPIDEXJ6S""",Mariyam Naaz,"=""Mariyam Naaz""",07-10-2027 17-00-00 Internet Banking,,398.51,621536.49
2027/10/08,2027/10/08,Transfer Debit,"=""RBHW0BGQCRVY40TRUC""","=""FT40XQ1E5AUWCPMXYP""",Digitopia Pvt Ltd,"=""Digitopia Pvt Ltd""",08-10-2027 09-00-00 Internet Banking,451.68,,621084.81
2027/10/09,2027/10/09,Favara Debit,"=""RB3CR3EVQYSVMUMFLB""","=""FTPCZWGZIS544GYP8P""",My Other Bank Account,"=""My Other Bank Account""",09-10-2027 01-00-00 Favara,29.85,,621054.96
2027/10/09,2027/10/09,Favara Credit,"=""RBK949LNPKL2PEUHOG""","=""FTZM2XO0T2PR17KYT1""",My Other Bank Account,"=""My Other Bank Account""",09-10-2027 17-00-00 Favara,,83.02,621137.98
2027/10/10,2027/10/10,Purchase,"=""RBY6HX133H46PWWI9E""","=""FTQEBPY04KJ5UUHKMQ""",10-10-2027,"=""Red Banana""",10-10-2027 09-00-00,136.19,,621001.79
2027/10/11,2027/10/11,Purchase,"=""RB030AVQJDAMLCY9TA""","=""FTJCGM21ZP9M2ZX2D3""",11-10-2027,"=""Avas Ride""",11-10-2027 01-00-00,189.36,,620812.43
2027/10/11,2027/10/11,Purchase,"=""RBATWMCWT4M900J8HT""","=""FT0527I7RUL352YZNE""",11-10-2027,"=""AliExpress""",11-10-2027 17-00-00,241.00,,620571.43
2027/10/12,2027/10/12,Purchase,"=""RBW3XZLFIY27RD2PY7""","=""FTNO7U42Z5H8P6BJS0""",12-10-2027,"=""MPGOOGLE YouTube Premium""",12-10-2027 09-00-00,294.17,,620277.26
2027/10/13,2027/10/13,Bill Payment,"=""RBT0P6E333HM7IOU9B""","=""FTN4GEE6JZAWG6S9JK""",13-10-2027,"=""STELCO BILLPAY""",13-10-2027 01-00-00,347.34,,619929.92
2027/10/13,2027/10/13,Salary,"=""RB1RD66CAQTR6NNAV4""","=""FTJ0MDAQT7IK4M52LZ""",Synthetic Employer Pvt Ltd,"=""Synthetic Employer Pvt Ltd""",13-10-2027 17-00-00,,14575.00,634504.92
2027/10/14,2027/10/14,ATM Withdrawal,"=""RBCUE62VXI8A59BNQ9""","=""FTVA2DP2XMNO740OHR""",ATM Cash Withdrawal,"=""ATM Cash Withdrawal""",14-10-2027 09-00-00,453.68,,634051.24
2027/10/15,2027/10/15,Credit Card Payment,"=""RB098NN05YF3B6N628""","=""FT4WDQ7927IDKW2TA0""",BML Credit Card Payment,"=""BML Credit Card Payment""",15-10-2027 01-00-00,31.85,,634019.39
2027/10/15,2027/10/15,Favara Debit,"=""RBWEQPR0KDPYGKS354""","=""FTG9JVYKNM0RQK111B""",Fathimath Leeza,"=""Fathimath Leeza""",15-10-2027 17-00-00 Favara,85.02,,633934.37
2027/10/16,2027/10/16,Transfer Debit,"=""RBGC50PM58RGEBEJUT""","=""FTUSUL6MEWDR5YN99W""",Ahmed Rasheed,"=""Ahmed Rasheed""",16-10-2027 09-00-00 Internet Banking,138.19,,633796.18
2027/10/17,2027/10/17,Favara Debit,"=""RBR59FJ7Q4EPA113XS""","=""FT61L0EOR9MBVQ24B7""",Hussain Shafeeq,"=""Hussain Shafeeq""",17-10-2027 01-00-00 Favara,191.36,,633604.82
2027/10/17,2027/10/17,Favara Credit,"=""RB1NVP73R92VC4IECK""","=""FT21MSDBPI9BJ0OWN9""",Freelance Client 2,"=""Freelance Client 2""",17-10-2027 17-00-00 Favara,,243.00,633847.82
2027/10/18,2027/10/18,Favara Credit,"=""RB90ZNWL7IWSMC6HG0""","=""FT1JUULZWGUFVAZJP2""",Ahmed Rasheed,"=""Ahmed Rasheed""",18-10-2027 09-00-00 Favara,,296.17,634143.99
2027/10/19,2027/10/19,Transfer Credit,"=""RBX7KMF8SDUK87LXBI""","=""FTE0JT3PQJ8MDC2WID""",Fathimath Leeza,"=""Fathimath Leeza""",19-10-2027 01-00-00 Internet Banking,,349.34,634493.33
2027/10/19,2027/10/19,Transfer Debit,"=""RB8YFFT39VW9PZXB7D""","=""FTS5QMZ3XVO6PS7P1Y""",Echbees LLP,"=""Echbees LLP""",19-10-2027 17-00-00 Internet Banking,402.51,,634090.82
2027/10/20,2027/10/20,Favara Debit,"=""RBUJXO4I7ZTU5IRMYY""","=""FTV236OV9S57XKU6KW""",My Other Bank Account,"=""My Other Bank Account""",20-10-2027 09-00-00 Favara,455.68,,633635.14
2027/10/21,2027/10/21,Favara Credit,"=""RBGD5MEJVNF5Q9NWA9""","=""FTC96U331TLAFGVJYK""",My Other Bank Account,"=""My Other Bank Account""",21-10-2027 01-00-00 Favara,,33.85,633668.99
2027/10/21,2027/10/21,Purchase,"=""RBE6HNZ66AB1J8J1WN""","=""FT2SKVXV3U50UZG5OX""",21-10-2027,"=""Villa Mart""",21-10-2027 17-00-00,87.02,,633581.97
2027/10/22,2027/10/22,Purchase,"=""RBX9B7W3S79E1J57A2""","=""FTT0LUTJUOAR2KQFHO""",22-10-2027,"=""Avas Ride""",22-10-2027 09-00-00,140.19,,633441.78
2027/10/23,2027/10/23,Purchase,"=""RBW1P3SV3S0KNKGHKG""","=""FTN1VLWOQDPT1OB8FV""",23-10-2027,"=""AliExpress""",23-10-2027 01-00-00,193.36,,633248.42
2027/10/23,2027/10/23,Purchase,"=""RBJNX1DTEPSDE6X31E""","=""FT7WG2FEELWMPE0HPT""",23-10-2027,"=""MPGOOGLE Google One""",23-10-2027 17-00-00,245.00,,633003.42
2027/10/24,2027/10/24,Bill Payment,"=""RBXMTQJNWHK0TZMD89""","=""FTWXGYZ1Q66I8AAO6Q""",24-10-2027,"=""Dhiraagu BILLPAY""",24-10-2027 09-00-00,298.17,,632705.25
2027/10/25,2027/10/25,Salary,"=""RB5OJGS9DE1K8XTFI8""","=""FTSOVUME2WWZMC7709""",Synthetic Employer Pvt Ltd,"=""Synthetic Employer Pvt Ltd""",25-10-2027 01-00-00,,11224.00,643929.25
2027/10/25,2027/10/25,ATM Withdrawal,"=""RBH8OID61B738LJWPI""","=""FTG296RMVPK5ILPH8D""",ATM Cash Withdrawal,"=""ATM Cash Withdrawal""",25-10-2027 17-00-00,404.51,,643524.74
2027/10/26,2027/10/26,Credit Card Payment,"=""RB0XS77OTDZOC8BX2Y""","=""FT0SJUOZCH72J3CWCM""",BML Credit Card Payment,"=""BML Credit Card Payment""",26-10-2027 09-00-00,457.68,,643067.06
2027/10/27,2027/10/27,Favara Debit,"=""RBL8ZU3339WUIEKPSV""","=""FT3TNLJMSACJLOW9PG""",Ahmed Rasheed,"=""Ahmed Rasheed""",27-10-2027 01-00-00 Favara,35.85,,643031.21
2027/10/27,2027/10/27,Transfer Debit,"=""RB6MGGW1J06PO2BQ44""","=""FT3GPFMUR5K0DH38FY""",Hussain Shafeeq,"=""Hussain Shafeeq""",27-10-2027 17-00-00 Internet Banking,89.02,,642942.19
2027/10/28,2027/10/28,Favara Debit,"=""RBXPZGTP7R34U7767T""","=""FTYRPZLP3DYLFQ6CY5""",Ali Shaheed,"=""Ali Shaheed""",28-10-2027 09-00-00 Favara,142.19,,642800.00
2027/10/29,2027/10/29,Favara Credit,"=""RB2NPLWSPIHUQOCFDC""","=""FTGHA7JL13T6HDPUQR""",Freelance Client 3,"=""Freelance Client 3""",29-10-2027 01-00-00 Favara,,195.36,642995.36
2027/10/29,2027/10/29,Favara Credit,"=""RBJXQKM0JKF1GGGPYP""","=""FTYXIT762DLJZ71BGQ""",Hussain Shafeeq,"=""Hussain Shafeeq""",29-10-2027 17-00-00 Favara,,247.00,643242.36
2027/10/30,2027/10/30,Transfer Credit,"=""RBVD82EK7H1O59O2FS""","=""FTSUW9T7SBUCM9P216""",Ahmed Rasheed,"=""Ahmed Rasheed""",30-10-2027 09-00-00 Internet Banking,,300.17,643542.53
2027/10/31,2027/10/31,Transfer Debit,"=""RBTABVF6F0LM3H7IOP""","=""FTN7ODLKXAQRF217ZJ""",Coral Works LLP,"=""Coral Works LLP""",31-10-2027 01-00-00 Internet Banking,353.34,,643189.19
2027/10/31,2027/10/31,Favara Debit,"=""RB3PRG4NYDAFOSGXTD""","=""FT1ZRDRKHSZO3WK8YR""",My Other Bank Account,"=""My Other Bank Account""",31-10-2027 17-00-00 Favara,406.51,,642782.68
2027/11/01,2027/11/01,Favara Credit,"=""RBD7QS4H0IXKMG1B0T""","=""FTSG2KPPSQZXKDKQW5""",My Other Bank Account,"=""My Other Bank Account""",01-11-2027 09-00-00 Favara,,459.68,643242.36
2027/11/02,2027/11/02,Purchase,"=""RBF5JM2C5E2T1X3ED5""","=""FTO0274LLGDRM9FP8L""",02-11-2027,"=""Coral Cafe""",02-11-2027 01-00-00,37.85,,643204.51
2027/11/02,2027/11/02,Purchase,"=""RBMR046Q9RXTFZWVJJ""","=""FTGU0K4SUPPIEOGR3K""",02-11-2027,"=""Avas Ride""",02-11-2027 17-00-00,91.02,,643113.49
2027/11/03,2027/11/03,Purchase,"=""RBOFYO3AHRAUGMR2GI""","=""FTY5AEZLN6JSYWFJ63""",03-11-2027,"=""AliExpress""",03-11-2027 09-00-00,144.19,,642969.30
2027/11/04,2027/11/04,Purchase,"=""RBTE3K99TCFEG82UHU""","=""FT9S3LP6HPXF589T65""",04-11-2027,"=""MPGOOGLE YouTube Premium""",04-11-2027 01-00-00,197.36,,642771.94
2027/11/04,2027/11/04,Bill Payment,"=""RBRZC6LPXIRPHJZB18""","=""FTCTU5R9POIZGSXVYI""",04-11-2027,"=""STELCO BILLPAY""",04-11-2027 17-00-00,249.00,,642522.94
2027/11/05,2027/11/05,Salary,"=""RBGJO270HVDTGHCAMK""","=""FTW2OQ7V792L42JEPR""",Synthetic Employer Pvt Ltd,"=""Synthetic Employer Pvt Ltd""",05-11-2027 09-00-00,,12873.00,655395.94
2027/11/06,2027/11/06,ATM Withdrawal,"=""RBGSP5XARFFV32XDKN""","=""FTW7UTFVJ7PZOS3GY0""",ATM Cash Withdrawal,"=""ATM Cash Withdrawal""",06-11-2027 01-00-00,355.34,,655040.60
2027/11/06,2027/11/06,Credit Card Payment,"=""RBGANEXL2QPLECNXF6""","=""FTYUH5V7M6F2DI25OV""",BML Credit Card Payment,"=""BML Credit Card Payment""",06-11-2027 17-00-00,408.51,,654632.09
2027/11/07,2027/11/07,Favara Debit,"=""RBUYQK7QJYZ3IV75W8""","=""FTJENEC18ED6NYF6HC""",Hussain Shafeeq,"=""Hussain Shafeeq""",07-11-2027 09-00-00 Favara,461.68,,654170.41
2027/11/08,2027/11/08,Transfer Debit,"=""RBC8D44C0XPV3USSW9""","=""FTB2C5NH391KO9AEVR""",Ali Shaheed,"=""Ali Shaheed""",08-11-2027 01-00-00 Internet Banking,39.85,,654130.56
2027/11/08,2027/11/08,Favara Debit,"=""RBE2R41SZR5B5H70KL""","=""FTFOJFYGB71Y3Y5EIW""",Mariyam Naaz,"=""Mariyam Naaz""",08-11-2027 17-00-00 Favara,93.02,,654037.54
2027/11/09,2027/11/09,Favara Credit,"=""RBUW9A2SH0VEFF9SHK""","=""FT8T1MYW96V3VCJOQH""",Freelance Client 4,"=""Freelance Client 4""",09-11-2027 09-00-00 Favara,,146.19,654183.73
2027/11/10,2027/11/10,Favara Credit,"=""RBSTXMZLAZH729XDLI""","=""FTSPH99MA4AS34DFUP""",Ali Shaheed,"=""Ali Shaheed""",10-11-2027 01-00-00 Favara,,199.36,654383.09
2027/11/10,2027/11/10,Transfer Credit,"=""RBTT58QCE2EZS9XIB7""","=""FTT5A2KPLZMJ5XTDQZ""",Hussain Shafeeq,"=""Hussain Shafeeq""",10-11-2027 17-00-00 Internet Banking,,251.00,654634.09
2027/11/11,2027/11/11,Transfer Debit,"=""RB7EALLJX1WFU2PRTX""","=""FT5WD8HP3PQDSZC9NI""",Digitopia Pvt Ltd,"=""Digitopia Pvt Ltd""",11-11-2027 09-00-00 Internet Banking,304.17,,654329.92
2027/11/12,2027/11/12,Favara Debit,"=""RBHG9GT19QRZRX2W81""","=""FT0LX5A9EQAMOYB5MT""",My Other Bank Account,"=""My Other Bank Account""",12-11-2027 01-00-00 Favara,357.34,,653972.58
2027/11/12,2027/11/12,Favara Credit,"=""RBBZ8DW7VK7S2YOGJB""","=""FTY77OYPET8HNUCSJ4""",My Other Bank Account,"=""My Other Bank Account""",12-11-2027 17-00-00 Favara,,410.51,654383.09
2027/11/13,2027/11/13,Purchase,"=""RB4MVYHVO4HHKVQOTB""","=""FTIG56EKHL2Q0Y2WE5""",13-11-2027,"=""Red Banana""",13-11-2027 09-00-00,463.68,,653919.41
2027/11/14,2027/11/14,Purchase,"=""RBF8942ER2ZRHT1I6J""","=""FTG8Y6Y92P2AAQ78SB""",14-11-2027,"=""Avas Ride""",14-11-2027 01-00-00,41.85,,653877.56
2027/11/14,2027/11/14,Purchase,"=""RB8G6UA3B3MRPBWYU5""","=""FT306QL96AEG1PT9X8""",14-11-2027,"=""AliExpress""",14-11-2027 17-00-00,95.02,,653782.54
2027/11/15,2027/11/15,Purchase,"=""RBBEOIOKMW9K3QL4TN""","=""FTDR7JK4U2UQ6MQRV3""",15-11-2027,"=""MPGOOGLE Google One""",15-11-2027 09-00-00,148.19,,653634.35
2027/11/16,2027/11/16,Bill Payment,"=""RBQ8XXZUMQDWMJFUVS""","=""FTUVQSVOJ5GGBP3X1A""",16-11-2027,"=""Dhiraagu BILLPAY""",16-11-2027 01-00-00,201.36,,653432.99
2027/11/16,2027/11/16,Salary,"=""RBMSPBSBQR1GIRDBT3""","=""FTURZNVE29M7GCP9J5""",Synthetic Employer Pvt Ltd,"=""Synthetic Employer Pvt Ltd""",16-11-2027 17-00-00,,14522.00,667954.99
2027/11/17,2027/11/17,ATM Withdrawal,"=""RB0X438BYP6ADCWS7Y""","=""FTKNI7AOTF2S4OW61J""",ATM Cash Withdrawal,"=""ATM Cash Withdrawal""",17-11-2027 09-00-00,306.17,,667648.82
2027/11/18,2027/11/18,Credit Card Payment,"=""RBRMFPUS5HGJRCE36N""","=""FTZCH17K0JE5YQEN49""",BML Credit Card Payment,"=""BML Credit Card Payment""",18-11-2027 01-00-00,359.34,,667289.48
2027/11/18,2027/11/18,Favara Debit,"=""RBGCGELKTQ5YLDZMUP""","=""FTH2AJET05OJN49LTE""",Ali Shaheed,"=""Ali Shaheed""",18-11-2027 17-00-00 Favara,412.51,,666876.97
2027/11/19,2027/11/19,Transfer Debit,"=""RB7KU8FP54B8RRCHBJ""","=""FTKOUYTDES72I3PWD7""",Mariyam Naaz,"=""Mariyam Naaz""",19-11-2027 09-00-00 Internet Banking,465.68,,666411.29
2027/11/20,2027/11/20,Favara Debit,"=""RBMUCYI6CM6UE0F1XR""","=""FTDL4PHND5SALZWD92""",Fathimath Leeza,"=""Fathimath Leeza""",20-11-2027 01-00-00 Favara,43.85,,666367.44
2027/11/20,2027/11/20,Favara Credit,"=""RBDMW6O4KW9E1QI2IY""","=""FTS4IT12719UUUPDAL""",Freelance Client 1,"=""Freelance Client 1""",20-11-2027 17-00-00 Favara,,97.02,666464.46
2027/11/21,2027/11/21,Favara Credit,"=""RBQVNVGBJOAV0ID4NV""","=""FTXPACQMY4BQVBMU51""",Mariyam Naaz,"=""Mariyam Naaz""",21-11-2027 09-00-00 Favara,,150.19,666614.65
2027/11/22,2027/11/22,Transfer Credit,"=""RBHT9ESZR7TQ23G8W3""","=""FT1RJUJ9T27VZ3PS5B""",Ali Shaheed,"=""Ali Shaheed""",22-11-2027 01-00-00 Internet Banking,,203.36,666818.01
2027/11/22,2027/11/22,Transfer Debit,"=""RBZB0KH7RM7DWMAM00""","=""FT05PG1RJHD3A6GFJW""",Echbees LLP,"=""Echbees LLP""",22-11-2027 17-00-00 Internet Banking,255.00,,666563.01
2027/11/23,2027/11/23,Favara Debit,"=""RB7X9AUBW9PMUEJ2IY""","=""FTJ2V875DEFT51ZKL7""",My Other Bank Account,"=""My Other Bank Account""",23-11-2027 09-00-00 Favara,308.17,,666254.84
2027/11/24,2027/11/24,Favara Credit,"=""RB7ROWSAGDF66M8BB0""","=""FTJEF1T2GNE8O4LMVP""",My Other Bank Account,"=""My Other Bank Account""",24-11-2027 01-00-00 Favara,,361.34,666616.18
2027/11/24,2027/11/24,Purchase,"=""RBKGIGER19GIN0ANGI""","=""FT1Y74ZDAPM4C737QK""",24-11-2027,"=""Villa Mart""",24-11-2027 17-00-00,414.51,,666201.67
2027/11/25,2027/11/25,Purchase,"=""RBNJ0OFI71DW4QV4W8""","=""FTMP9OH9OAEMAG2YCF""",25-11-2027,"=""Avas Ride""",25-11-2027 09-00-00,467.68,,665733.99
2027/11/26,2027/11/26,Purchase,"=""RBERTXY29SO99BQMTQ""","=""FTBEHFTPLAD3IKXEX5""",26-11-2027,"=""AliExpress""",26-11-2027 01-00-00,45.85,,665688.14
2027/11/26,2027/11/26,Purchase,"=""RB7S019OFC8B4TT8RR""","=""FTB25OSSO744YCXH87""",26-11-2027,"=""MPGOOGLE YouTube Premium""",26-11-2027 17-00-00,99.02,,665589.12
2027/11/27,2027/11/27,Bill Payment,"=""RBJQ60WCI8ULXXLC9U""","=""FTMW2OQ95OL8L40NNN""",27-11-2027,"=""STELCO BILLPAY""",27-11-2027 09-00-00,152.19,,665436.93
2027/11/28,2027/11/28,Salary,"=""RBBW72VA372HH1R59S""","=""FT6KAVLET407MOWAL0""",Synthetic Employer Pvt Ltd,"=""Synthetic Employer Pvt Ltd""",28-11-2027 01-00-00,,11171.00,676607.93
2027/11/28,2027/11/28,ATM Withdrawal,"=""RBNZY5ZCVNR1NUUEHB""","=""FTBB78UN3ACF3BNS2V""",ATM Cash Withdrawal,"=""ATM Cash Withdrawal""",28-11-2027 17-00-00,257.00,,676350.93
2027/11/29,2027/11/29,Credit Card Payment,"=""RBO8HAJPXCMNQH8ZBW""","=""FTX7C9G09ELOGG0L40""",BML Credit Card Payment,"=""BML Credit Card Payment""",29-11-2027 09-00-00,310.17,,676040.76
2027/11/30,2027/11/30,Favara Debit,"=""RB3UMP986OFGEJA9Z8""","=""FTWQDKKET32MVL4HI2""",Mariyam Naaz,"=""Mariyam Naaz""",30-11-2027 01-00-00 Favara,363.34,,675677.42
2027/11/30,2027/11/30,Transfer Debit,"=""RBW9BOWEUX8PZ5T2DN""","=""FT3L1WCU8KWP978MDY""",Fathimath Leeza,"=""Fathimath Leeza""",30-11-2027 17-00-00 Internet Banking,416.51,,675260.91
2027/12/01,2027/12/01,Favara Debit,"=""RBSCDXKBGVOT3HDNPZ""","=""FTVETDNMUU4VW9FW2S""",Ahmed Rasheed,"=""Ahmed Rasheed""",01-12-2027 09-00-00 Favara,469.68,,674791.23
2027/12/02,2027/12/02,Favara Credit,"=""RBZCM8JLQMEP88SNMV""","=""FTYKNDPUUQ1POZ800B""",Freelance Client 2,"=""Freelance Client 2""",02-12-2027 01-00-00 Favara,,47.85,674839.08
2027/12/02,2027/12/02,Favara Credit,"=""RBNABH9C7A4N4KNNPZ""","=""FTFMCIS1TXWBDP48HV""",Fathimath Leeza,"=""Fathimath Leeza""",02-12-2027 17-00-00 Favara,,101.02,674940.10
2027/12/03,2027/12/03,Transfer Credit,"=""RB501RODJBJMIJLLK8""","=""FTCJAD2X4HOQDMWGT3""",Mariyam Naaz,"=""Mariyam Naaz""",03-12-2027 09-00-00 Internet Banking,,154.19,675094.29
2027/12/04,2027/12/04,Transfer Debit,"=""RBBCFZCZ5R0JU0CVN1""","=""FTYAYCMIYZD1Q7NIVE""",Coral Works LLP,"=""Coral Works LLP""",04-12-2027 01-00-00 Internet Banking,207.36,,674886.93
2027/12/04,2027/12/04,Favara Debit,"=""RBHFR3KQBTBFT9YDNY""","=""FTWE1VJK87US6RG3F8""",My Other Bank Account,"=""My Other Bank Account""",04-12-2027 17-00-00 Favara,259.00,,674627.93
2027/12/05,2027/12/05,Favara Credit,"=""RB2VFW89QTN52XBYO8""","=""FTR7QWEI8MRZ2CDPF0""",My Other Bank Account,"=""My Other Bank Account""",05-12-2027 09-00-00 Favara,,312.17,674940.10
2027/12/06,2027/12/06,Purchase,"=""RB4SJOD3XU4LZKZOL8""","=""FTVZWDDXFCPQ3ONT2T""",06-12-2027,"=""Coral Cafe""",06-12-2027 01-00-00,365.34,,674574.76
2027/12/06,2027/12/06,Purchase,"=""RBZP3PPN8U9074F19G""","=""FT3IMHQXZ51KN6USBC""",06-12-2027,"=""Avas Ride""",06-12-2027 17-00-00,418.51,,674156.25
2027/12/07,2027/12/07,Purchase,"=""RBZYSEMOL8R8F9KFPI""","=""FTJYAULLAKVUBGZJZR""",07-12-2027,"=""AliExpress""",07-12-2027 09-00-00,471.68,,673684.57
2027/12/08,2027/12/08,Purchase,"=""RBPOC1AIIJPT68A1ES""","=""FT9Q254VYIJV4HMAXC""",08-12-2027,"=""MPGOOGLE Google One""",08-12-2027 01-00-00,49.85,,673634.72
2027/12/08,2027/12/08,Bill Payment,"=""RBGLLMJUR4OB8A7FPX""","=""FTDOATFRTC4JFKD23H""",08-12-2027,"=""Dhiraagu BILLPAY""",08-12-2027 17-00-00,103.02,,673531.70
2027/12/09,2027/12/09,Salary,"=""RBUY68AAOQ6CZKHP87""","=""FTAYOSPO7OHJ4Y9ZW3""",Synthetic Employer Pvt Ltd,"=""Synthetic Employer Pvt Ltd""",09-12-2027 09-00-00,,12820.00,686351.70
2027/12/10,2027/12/10,ATM Withdrawal,"=""RB4CXECD1JX4ADLPSH""","=""FTIJ7Y9HYD51CTYH3B""",ATM Cash Withdrawal,"=""ATM Cash Withdrawal""",10-12-2027 01-00-00,209.36,,686142.34
2027/12/10,2027/12/10,Credit Card Payment,"=""RBK2LT8VFBOZSVZ9Y9""","=""FT3BNJ8GW4K3KW5749""",BML Credit Card Payment,"=""BML Credit Card Payment""",10-12-2027 17-00-00,261.00,,685881.34
2027/12/11,2027/12/11,Favara Debit,"=""RBXOVUMA4YYDAPII7F""","=""FTBYMBBHJIBS3X3TAI""",Fathimath Leeza,"=""Fathimath Leeza""",11-12-2027 09-00-00 Favara,314.17,,685567.17
2027/12/12,2027/12/12,Transfer Debit,"=""RBJB62TG7SOFJNE9W0""","=""FTWH89F0ZNNNP4IJKP""",Ahmed Rasheed,"=""Ahmed Rasheed""",12-12-2027 01-00-00 Internet Banking,367.34,,685199.83
2027/12/12,2027/12/12,Favara Debit,"=""RBNBNJ5X6BLFYFBR5A""","=""FTO8G4F9O0WNT7OS4X""",Hussain Shafeeq,"=""Hussain Shafeeq""",12-12-2027 17-00-00 Favara,420.51,,684779.32
2027/12/13,2027/12/13,Favara Credit,"=""RBPRU28XW3FXW3KZ8J""","=""FTTPOUEWQSIZVZ2SVZ""",Freelance Client 3,"=""Freelance Client 3""",13-12-2027 09-00-00 Favara,,473.68,685253.00
2027/12/14,2027/12/14,Favara Credit,"=""RBK4HOOOCWC1WO8XZW""","=""FT4BGBKDK3ADVELGSL""",Ahmed Rasheed,"=""Ahmed Rasheed""",14-12-2027 01-00-00 Favara,,51.85,685304.85
2027/12/14,2027/12/14,Transfer Credit,"=""RBZMCM5EADIZ403Q44""","=""FTMRBPBU7TR9EV5579""",Fathimath Leeza,"=""Fathimath Leeza""",14-12-2027 17-00-00 Internet Banking,,105.02,685409.87
2027/12/15,2027/12/15,Transfer Debit,"=""RBCRM3SEUCPGXMHQUK""","=""FTZB9G4Z9ZKCMZGH9N""",Digitopia Pvt Ltd,"=""Digitopia Pvt Ltd""",15-12-2027 09-00-00 Internet Banking,158.19,,685251.68
2027/12/16,2027/12/16,Favara Debit,"=""RB9YW78SBWT41HG67G""","=""FTT6XHPVKML7P67U61""",My Other Bank Account,"=""My Other Bank Account""",16-12-2027 01-00-00 Favara,211.36,,685040.32
2027/12/16,2027/12/16,Favara Credit,"=""RBIPVG7DLBRV1CAP3F""","=""FTZ3UA7OKXKF7V388Y""",My Other Bank Account,"=""My Other Bank Account""",16-12-2027 17-00-00 Favara,,263.00,685303.32
2027/12/17,2027/12/17,Purchase,"=""RBJOK8ZN3XUU0YUCCT""","=""FT6O4T4OSW4VQA4RX3""",17-12-2027,"=""Red Banana""",17-12-2027 09-00-00,316.17,,684987.15
2027/12/18,2027/12/18,Purchase,"=""RB1DO8BBGKEFZMSQHP""","=""FTZTB7IGYTQ439C1I0""",18-12-2027,"=""Avas Ride""",18-12-2027 01-00-00,369.34,,684617.81
2027/12/18,2027/12/18,Purchase,"=""RB6FV1S0QNDCAL732B""","=""FTSSP5HCN7HDF6U2FL""",18-12-2027,"=""AliExpress""",18-12-2027 17-00-00,422.51,,684195.30
2027/12/19,2027/12/19,Purchase,"=""RB5HJFLQ80Z6DFBBZG""","=""FT7929KKIXO3EL9HCF""",19-12-2027,"=""MPGOOGLE YouTube Premium""",19-12-2027 09-00-00,475.68,,683719.62
2027/12/20,2027/12/20,Bill Payment,"=""RBYN2GCMRF2M46GGUZ""","=""FTEW6S9EXZYZIGRCZD""",20-12-2027,"=""STELCO BILLPAY""",20-12-2027 01-00-00,53.85,,683665.77
2027/12/20,2027/12/20,Salary,"=""RBOK91WQ5EP035O58U""","=""FT4054A2W7PUEIDPC4""",Synthetic Employer Pvt Ltd,"=""Synthetic Employer Pvt Ltd""",20-12-2027 17-00-00,,14469.00,698134.77
2027/12/21,2027/12/21,ATM Withdrawal,"=""RBRL4ZYG7PFGRDCSCQ""","=""FT3IAP9U615F88ITM4""",ATM Cash Withdrawal,"=""ATM Cash Withdrawal""",21-12-2027 09-00-00,160.19,,697974.58
2027/12/22,2027/12/22,Credit Card Payment,"=""RBHSWM3JPEO1H0LT70""","=""FT4YMCLTM50T5DR3C8""",BML Credit Card Payment,"=""BML Credit Card Payment""",22-12-2027 01-00-00,213.36,,697761.22
2027/12/22,2027/12/22,Favara Debit,"=""RBF7FRSH7N7LC04XCW""","=""FT6NWUIS1Y6XJVIVZM""",Ahmed Rasheed,"=""Ahmed Rasheed""",22-12-2027 17-00-00 Favara,265.00,,697496.22
2027/12/23,2027/12/23,Transfer Debit,"=""RBN4654NLJJG8IW8KN""","=""FTTGMMN1JXJU5OF85R""",Hussain Shafeeq,"=""Hussain Shafeeq""",23-12-2027 09-00-00 Internet Banking,318.17,,697178.05
2027/12/24,2027/12/24,Favara Debit,"=""RB8EMS847EN013WWHL""","=""FT89ZUWYNY0TV8K65J""",Ali Shaheed,"=""Ali Shaheed""",24-12-2027 01-00-00 Favara,371.34,,696806.71
2027/12/24,2027/12/24,Favara Credit,"=""RBG5DSO5PDEAYO6LPM""","=""FTWEZT5MO332VCBART""",Freelance Client 4,"=""Freelance Client 4""",24-12-2027 17-00-00 Favara,,424.51,697231.22
2027/12/25,2027/12/25,Favara Credit,"=""RB35E3X5O52DNN6VZ0""","=""FTQMFJR2Y0P4N8IGQN""",Hussain Shafeeq,"=""Hussain Shafeeq""",25-12-2027 09-00-00 Favara,,477.68,697708.90
2027/12/26,2027/12/26,Transfer Credit,"=""RBGQ83FV7IU5JDL02H""","=""FTAOR1LACU8FVBYVV9""",Ahmed Rasheed,"=""Ahmed Rasheed""",26-12-2027 01-00-00 Internet Banking,,55.85,697764.75
2027/12/26,2027/12/26,Transfer Debit,"=""RBPYCKIL6KKUR2LPZ5""","=""FT7E8JBYWTOXODGLQE""",Echbees LLP,"=""Echbees LLP""",26-12-2027 17-00-00 Internet Banking,109.02,,697655.73
2027/12/27,2027/12/27,Favara Debit,"=""RBFLOBW7D4I8I8S1YT""","=""FTZQ0N7ZPQX7ZQYAU2""",My Other Bank Account,"=""My Other Bank Account""",27-12-2027 09-00-00 Favara,162.19,,697493.54
2027/12/28,2027/12/28,Favara Credit,"=""RBJXXR6YHKL8LOIJA3""","=""FTVOECZVC2AFLRKOB3""",My Other Bank Account,"=""My Other Bank Account""",28-12-2027 01-00-00 Favara,,215.36,697708.90
2027/12/28,2027/12/28,Purchase,"=""RB9I3MQSTD6QNBYL41""","=""FTZRVLDDVFPDFTY6N2""",28-12-2027,"=""Villa Mart""",28-12-2027 17-00-00,267.00,,697441.90
2027/12/29,2027/12/29,Purchase,"=""RBMYAFIT0YUIY9V3T8""","=""FTF2CTOTJIC3AGR2WG""",29-12-2027,"=""Avas Ride""",29-12-2027 09-00-00,320.17,,697121.73
2027/12/30,2027/12/30,Purchase,"=""RBGYCUMG16EW03Y6YY""","=""FTATZH65CV63Y2UYN1""",30-12-2027,"=""AliExpress""",30-12-2027 01-00-00,373.34,,696748.39
2027/12/30,2027/12/30,Purchase,"=""RBYF6MOCG4XHDNK0BN""","=""FTNXYSCCK5NXHJ7Y5L""",30-12-2027,"=""MPGOOGLE Google One""",30-12-2027 17-00-00,426.51,,696321.88
2027/12/31,2027/12/31,Bill Payment,"=""RBWX4HXVTQEJKFMV7A""","=""FTYJ1UCH8E5F2ZRPY4""",31-12-2027,"=""Dhiraagu BILLPAY""",31-12-2027 09-00-00,479.68,,695842.20
2028/01/01,2028/01/01,Salary,"=""RBZOBPKRQY7Z0YN7SC""","=""FTTESY5ADUHN4GAV0V""",Synthetic Employer Pvt Ltd,"=""Synthetic Employer Pvt Ltd""",01-01-2028 01-00-00,,11118.00,706960.20
2028/01/01,2028/01/01,ATM Withdrawal,"=""RB0EMNU3O54SJPJZKF""","=""FTUNXO7AVMPZB3N0AC""",ATM Cash Withdrawal,"=""ATM Cash Withdrawal""",01-01-2028 17-00-00,111.02,,706849.18
2028/01/02,2028/01/02,Credit Card Payment,"=""RBE7TQ53UFV907GBPN""","=""FT7US6GDS013YMSSPH""",BML Credit Card Payment,"=""BML Credit Card Payment""",02-01-2028 09-00-00,164.19,,706684.99
2028/01/03,2028/01/03,Favara Debit,"=""RB0OXXNTZ6NX07HR0R""","=""FT3OLFUDAH28YEU6U5""",Hussain Shafeeq,"=""Hussain Shafeeq""",03-01-2028 01-00-00 Favara,217.36,,706467.63
2028/01/03,2028/01/03,Transfer Debit,"=""RB8RUXWAFGA3YDCR5A""","=""FTWYVGL1WTKEE41NEQ""",Ali Shaheed,"=""Ali Shaheed""",03-01-2028 17-00-00 Internet Banking,269.00,,706198.63
2028/01/04,2028/01/04,Favara Debit,"=""RB8JPQF883NPKC1M8M""","=""FTGJ30MCVXBPIURFN5""",Mariyam Naaz,"=""Mariyam Naaz""",04-01-2028 09-00-00 Favara,322.17,,705876.46
2028/01/05,2028/01/05,Favara Credit,"=""RBEBMRLKI78EM1LY1R""","=""FTLLCLWUNK0SJ7AGT2""",Freelance Client 1,"=""Freelance Client 1""",05-01-2028 01-00-00 Favara,,375.34,706251.80
2028/01/05,2028/01/05,Favara Credit,"=""RBBHXANZIDMQ3ZK242""","=""FTULCI4WW4BMNGST2L""",Ali Shaheed,"=""Ali Shaheed""",05-01-2028 17-00-00 Favara,,428.51,706680.31
2028/01/06,2028/01/06,Transfer Credit,"=""RBAAQI0RZASFSI7FIS""","=""FT1KYK6D5YJJG80H2S""",Hussain Shafeeq,"=""Hussain Shafeeq""",06-01-2028 09-00-00 Internet Banking,,481.68,707161.99
2028/01/07,2028/01/07,Transfer Debit,"=""RB78WYLMNDT7LMMT1I""","=""FT27L0U3QVVDKYIOMU""",Coral Works LLP,"=""Coral Works LLP""",07-01-2028 01-00-00 Internet Banking,59.85,,707102.14
2028/01/07,2028/01/07,Favara Debit,"=""RBXXLXZKNBR4MWWJPT""","=""FTINZ8DAP7AFJLAMDJ""",My Other Bank Account,"=""My Other Bank Account""",07-01-2028 17-00-00 Favara,113.02,,706989.12
2028/01/08,2028/01/08,Favara Credit,"=""RBFM5CHJADFTWFATN0""","=""FTCSTEFQBXE9YQC6Z9""",My Other Bank Account,"=""My Other Bank Account""",08-01-2028 09-00-00 Favara,,166.19,707155.31
2028/01/09,2028/01/09,Purchase,"=""RBSIS7DN57PVKNX4JP""","=""FT4P6JYWB3YASN8PSI""",09-01-2028,"=""Coral Cafe""",09-01-2028 01-00-00,219.36,,706935.95
2028/01/09,2028/01/09,Purchase,"=""RBTOM9FDWKBN74HJOA""","=""FTWLSM3MR05V9X3X70""",09-01-2028,"=""Avas Ride""",09-01-2028 17-00-00,271.00,,706664.95
2028/01/10,2028/01/10,Purchase,"=""RBLT31BE6XCHNBOXYM""","=""FTDK3XUATG86KBXAH7""",10-01-2028,"=""AliExpress""",10-01-2028 09-00-00,324.17,,706340.78
2028/01/11,2028/01/11,Purchase,"=""RBJU1LXK2CTIP5SU5G""","=""FTU87EG4WE4VRHD11E""",11-01-2028,"=""MPGOOGLE YouTube Premium""",11-01-2028 01-00-00,377.34,,705963.44
2028/01/11,2028/01/11,Bill Payment,"=""RBTXTU88814AXMHU9P""","=""FTQA9QS3CK3V4TQILI""",11-01-2028,"=""STELCO BILLPAY""",11-01-2028 17-00-00,430.51,,705532.93
2028/01/12,2028/01/12,Salary,"=""RBMGELJRSI2LTNYU24""","=""FTRCMT7OFW8EP2O82B""",Synthetic Employer Pvt Ltd,"=""Synthetic Employer Pvt Ltd""",12-01-2028 09-00-00,,12767.00,718299.93
2028/01/13,2028/01/13,ATM Withdrawal,"=""RBSYION7Y9R4J0HNIA""","=""FTINHAOSBWECVIFQ18""",ATM Cash Withdrawal,"=""ATM Cash Withdrawal""",13-01-2028 01-00-00,61.85,,718238.08
2028/01/13,2028/01/13,Credit Card Payment,"=""RBOMLVHIV07DOKCALH""","=""FTYQGV70EIEAJ9HLFI""",BML Credit Card Payment,"=""BML Credit Card Payment""",13-01-2028 17-00-00,115.02,,718123.06
2028/01/14,2028/01/14,Favara Debit,"=""RBPUKHOAOHPOCX9W60""","=""FT7VZIMFC2X8L7YJBM""",Ali Shaheed,"=""Ali Shaheed""",14-01-2028 09-00-00 Favara,168.19,,717954.87
2028/01/15,2028/01/15,Transfer Debit,"=""RBX2K47DZBHCMG5EYN""","=""FTNJIH28W5OQKJQUDK""",Mariyam Naaz,"=""Mariyam Naaz""",15-01-2028 01-00-00 Internet Banking,221.36,,717733.51
2028/01/15,2028/01/15,Favara Debit,"=""RBXWJSTKHWMCRBIVCR""","=""FT658C2HV1PWG7UJWH""",Fathimath Leeza,"=""Fathimath Leeza""",15-01-2028 17-00-00 Favara,273.00,,717460.51
2028/01/16,2028/01/16,Favara Credit,"=""RBZJ4216UYTRSGR487""","=""FTAEUQO6NH2M3NCRZT""",Freelance Client 2,"=""Freelance Client 2""",16-01-2028 09-00-00 Favara,,326.17,717786.68
2028/01/17,2028/01/17,Favara Credit,"=""RBDYIBCJDT2OG4VR6I""","=""FT10A012TZHX6NPR71""",Mariyam Naaz,"=""Mariyam Naaz""",17-01-2028 01-00-00 Favara,,379.34,718166.02
2028/01/17,2028/01/17,Transfer Credit,"=""RBCE0LOC652TS6W14Y""","=""FTLHN6MAO4SLBLDS8W""",Ali Shaheed,"=""Ali Shaheed""",17-01-2028 17-00-00 Internet Banking,,432.51,718598.53
2028/01/18,2028/01/18,Transfer Debit,"=""RBXS6UFVI584PPE6GA""","=""FTKBBLVBX7ZVHQFBAS""",Digitopia Pvt Ltd,"=""Digitopia Pvt Ltd""",18-01-2028 09-00-00 Internet Banking,485.68,,718112.85
2028/01/19,2028/01/19,Favara Debit,"=""RBEUV6MCL9ID300QLY""","=""FTLLPZUJLIDL57201D""",My Other Bank Account,"=""My Other Bank Account""",19-01-2028 01-00-00 Favara,63.85,,718049.00
2028/01/19,2028/01/19,Favara Credit,"=""RBSRW9MVI16TU7MSEU""","=""FTOXHA3EK8YKYR4P7Y""",My Other Bank Account,"=""My Other Bank Account""",19-01-2028 17-00-00 Favara,,117.02,718166.02
2028/01/20,2028/01/20,Purchase,"=""RB7LIJD26HCBH569ED""","=""FT7XL0DYJXMO31WSZJ""",20-01-2028,"=""Red Banana""",20-01-2028 09-00-00,170.19,,717995.83
2028/01/21,2028/01/21,Purchase,"=""RBB6VWD5C1ZAT8O4LS""","=""FTM16OLXVVAKPTPWFU""",21-01-2028,"=""Avas Ride""",21-01-2028 01-00-00,223.36,,717772.47
2028/01/21,2028/01/21,Purchase,"=""RBAWK4B0UNXNLZOBX3""","=""FTI6C2NJ4BGQL5YRTV""",21-01-2028,"=""AliExpress""",21-01-2028 17-00-00,275.00,,717497.47
2028/01/22,2028/01/22,Purchase,"=""RBBBBMWC6EYTXLNAUL""","=""FTRRFI3T9QJJB53C0Z""",22-01-2028,"=""MPGOOGLE Google One""",22-01-2028 09-00-00,328.17,,717169.30
2028/01/23,2028/01/23,Bill Payment,"=""RBEARXIMX8P7IDBSLZ""","=""FT3IIPB14W6S06UOYW""",23-01-2028,"=""Dhiraagu BILLPAY""",23-01-2028 01-00-00,381.34,,716787.96
2028/01/23,2028/01/23,Salary,"=""RBTQJONXZBENB3FHF8""","=""FT3HLISAAVZYR9C8UZ""",Synthetic Employer Pvt Ltd,"=""Synthetic Employer Pvt Ltd""",23-01-2028 17-00-00,,14416.00,731203.96
2028/01/24,2028/01/24,ATM Withdrawal,"=""RB9CBXGIMV3T2KDG2T""","=""FT8ULK4NSYSBKAHP34""",ATM Cash Withdrawal,"=""ATM Cash Withdrawal""",24-01-2028 09-00-00,487.68,,730716.28
2028/01/25,2028/01/25,Credit Card Payment,"=""RBYB99HVU4QMT1NDLD""","=""FTJKZ61RVXSTFA1QOA""",BML Credit Card Payment,"=""BML Credit Card Payment""",25-01-2028 01-00-00,65.85,,730650.43
2028/01/25,2028/01/25,Favara Debit,"=""RB3YHKJJ07HS1XA4SU""","=""FTWTRGR71E8AV5DU8O""",Mariyam Naaz,"=""Mariyam Naaz""",25-01-2028 17-00-00 Favara,119.02,,730531.41
2028/01/26,2028/01/26,Transfer Debit,"=""RBXIF67MRP5MB5VV05""","=""FTIQS7T3FXD1UFP4EZ""",Fathimath Leeza,"=""Fathimath Leeza""",26-01-2028 09-00-00 Internet Banking,172.19,,730359.22
2028/01/27,2028/01/27,Favara Debit,"=""RBAA7JZDX8YLU3NAJX""","=""FTZ1PKPBP5SCK0P9H4""",Ahmed Rasheed,"=""Ahmed Rasheed""",27-01-2028 01-00-00 Favara,225.36,,730133.86
2028/01/27,2028/01/27,Favara Credit,"=""RBL49Q3SHENG338ZWB""","=""FTG2V8Q450VOUPG72G""",Freelance Client 3,"=""Freelance Client 3""",27-01-2028 17-00-00 Favara,,277.00,730410.86
2028/01/28,2028/01/28,Favara Credit,"=""RBJHEJ9LOY26G693L8""","=""FTC5ALJ48ICJJGWL8I""",Fathimath Leeza,"=""Fathimath Leeza""",28-01-2028 09-00-00 Favara,,330.17,730741.03
2028/01/29,2028/01/29,Transfer Credit,"=""RBOVZ7OSSWWKF1UNZG""","=""FTBN3591224PIPJJYD""",Mariyam Naaz,"=""Mariyam Naaz""",29-01-2028 01-00-00 Internet Banking,,383.34,731124.37
2028/01/29,2028/01/29,Transfer Debit,"=""RB5G0UTL32S4BXYN2K""","=""FTLS42YAS39UX03ODX""",Echbees LLP,"=""Echbees LLP""",29-01-2028 17-00-00 Internet Banking,436.51,,730687.86
2028/01/30,2028/01/30,Favara Debit,"=""RB6OGSYHDCSAW7A1ZF""","=""FTFN7ZDDQLVBQ0NEDF""",My Other Bank Account,"=""My Other Bank Account""",30-01-2028 09-00-00 Favara,489.68,,730198.18
2028/01/31,2028/01/31,Favara Credit,"=""RBN7MXVCN45CQA44PV""","=""FT6OQ3SNUWEC54W7E3""",My Other Bank Account,"=""My Other Bank Account""",31-01-2028 01-00-00 Favara,,67.85,730266.03
2028/01/31,2028/01/31,Purchase,"=""RBQ0FZDX4KR57CFYNS""","=""FTINLONS7CN3MVKG67""",31-01-2028,"=""Villa Mart""",31-01-2028 17-00-00,121.02,,730145.01
2028/02/01,2028/02/01,Purchase,"=""RB240UQAJ9WOSHG3ZI""","=""FTQKIJ5ISYQKZFF2MV""",01-02-2028,"=""Avas Ride""",01-02-2028 09-00-00,174.19,,729970.82
2028/02/02,2028/02/02,Purchase,"=""RBPYX0ZI8JXC1HGJ11""","=""FTDHU5XXKR9NJWRYLT""",02-02-2028,"=""AliExpress""",02-02-2028 01-00-00,227.36,,729743.46
2028/02/02,2028/02/02,Purchase,"=""RBONSPLBJ7WAKVKKYM""","=""FTJS3GCYD2G0M9UR2W""",02-02-2028,"=""MPGOOGLE YouTube Premium""",02-02-2028 17-00-00,279.00,,729464.46
2028/02/03,2028/02/03,Bill Payment,"=""RBJS30YD81LLWRIVF2""","=""FTVS6VNB2G1HRUDQE2""",03-02-2028,"=""STELCO BILLPAY""",03-02-2028 09-00-00,332.17,,729132.29
2028/02/04,2028/02/04,Salary,"=""RBW6WMFSA1P0FAXLKS""","=""FTNKITP8ZVSKG83IMH""",Synthetic Employer Pvt Ltd,"=""Synthetic Employer Pvt Ltd""",04-02-2028 01-00-00,,11065.00,740197.29
2028/02/04,2028/02/04,ATM Withdrawal,"=""RBU2K71CLN4B6BHTYB""","=""FTJCPE8MM3HNY3O1WE""",ATM Cash Withdrawal,"=""ATM Cash Withdrawal""",04-02-2028 17-00-00,438.51,,739758.78
2028/02/05,2028/02/05,Credit Card Payment,"=""RBEYOJTS2O0WMJCDCC""","=""FTNODTTMTCUJTWHKGW""",BML Credit Card Payment,"=""BML Credit Card Payment""",05-02-2028 09-00-00,491.68,,739267.10
2028/02/06,2028/02/06,Favara Debit,"=""RBVHUJMUYSG9RUZSDD""","=""FTOURNGDIX58QP099Q""",Fathimath Leeza,"=""Fathimath Leeza""",06-02-2028 01-00-00 Favara,69.85,,739197.25
2028/02/06,2028/02/06,Transfer Debit,"=""RB07YIMC38PR1POMFZ""","=""FT97UCC8URZDD7JCY3""",Ahmed Rasheed,"=""Ahmed Rasheed""",06-02-2028 17-00-00 Internet Banking,123.02,,739074.23
2028/02/07,2028/02/07,Favara Debit,"=""RBXZ5J8SEEUH73Y6AH""","=""FTK26IG8NBG9JX5HGB""",Hussain Shafeeq,"=""Hussain Shafeeq""",07-02-2028 09-00-00 Favara,176.19,,738898.04
2028/02/08,2028/02/08,Favara Credit,"=""RBEYNLKB0AL63EBTJN""","=""FTL2F1LI6RKZ690UPL""",Freelance Client 4,"=""Freelance Client 4""",08-02-2028 01-00-00 Favara,,229.36,739127.40
2028/02/08,2028/02/08,Favara Credit,"=""RBDKJDOA7ZXWYFMMJD""","=""FTMH93EZDF1LOJHXFE""",Ahmed Rasheed,"=""Ahmed Rasheed""",08-02-2028 17-00-00 Favara,,281.00,739408.40
2028/02/09,2028/02/09,Transfer Credit,"=""RB9ANIRLM3HJFWZF1L""","=""FT3SK61QZO67ZOO8EX""",Fathimath Leeza,"=""Fathimath Leeza""",09-02-2028 09-00-00 Internet Banking,,334.17,739742.57
2028/02/10,2028/02/10,Transfer Debit,"=""RBG7POI5FIHUJLOZI3""","=""FTODPOS8G3N4SMPNAQ""",Coral Works LLP,"=""Coral Works LLP""",10-02-2028 01-00-00 Internet Banking,387.34,,739355.23
2028/02/10,2028/02/10,Favara Debit,"=""RBKOFFPM61DORI9BS1""","=""FT46CJTC60ZQJBC03P""",My Other Bank Account,"=""My Other Bank Account""",10-02-2028 17-00-00 Favara,440.51,,738914.72
2028/02/11,2028/02/11,Favara Credit,"=""RBPQ1A6YUPQ6ISK11W""","=""FTJ4RM0NBVWKMCU8JH""",My Other Bank Account,"=""My Other Bank Account""",11-02-2028 09-00-00 Favara,,493.68,739408.40
2028/02/12,2028/02/12,Purchase,"=""RBFQC0W31Y800BILY3""","=""FT0HDEQX50UGBYEP9A""",12-02-2028,"=""Coral Cafe""",12-02-2028 01-00-00,71.85,,739336.55
2028/02/12,2028/02/12,Purchase,"=""RBH6772MQL4DBMBMT0""","=""FTY6D26XDMR09TE3QP""",12-02-2028,"=""Avas Ride""",12-02-2028 17-00-00,125.02,,739211.53
2028/02/13,2028/02/13,Purchase,"=""RBPJD0C77F9Q5FA2K6""","=""FT18FG6CPIFPDITY2B""",13-02-2028,"=""AliExpress""",13-02-2028 09-00-00,178.19,,739033.34
2028/02/14,2028/02/14,Purchase,"=""RBYPUM4DL3H9X72F7Z""","=""FTULDZV8IYY01FUG6F""",14-02-2028,"=""MPGOOGLE Google One""",14-02-2028 01-00-00,231.36,,738801.98
2028/02/14,2028/02/14,Bill Payment,"=""RBXCDFT2Q8VPEH8Z5C""","=""FTRDY97W9AKEEOA7CS""",14-02-2028,"=""Dhiraagu BILLPAY""",14-02-2028 17-00-00,283.00,,738518.98
2028/02/15,2028/02/15,Salary,"=""RBH49NOYQU0MJSMDQT""","=""FTMXX4U22VXV52RBKY""",Synthetic Employer Pvt Ltd,"=""Synthetic Employer Pvt Ltd""",15-02-2028 09-00-00,,12714.00,751232.98
2028/02/16,2028/02/16,ATM Withdrawal,"=""RBF9FNWYNQB773DQ46""","=""FT6VWXNELS81C38BEV""",ATM Cash Withdrawal,"=""ATM Cash Withdrawal""",16-02-2028 01-00-00,389.34,,750843.64
2028/02/16,2028/02/16,Credit Card Payment,"=""RBFJABBSYC3HDA4TD4""","=""FTRHT88GWB3SKZBAP0""",BML Credit Card Payment,"=""BML Credit Card Payment""",16-02-2028 17-00-00,442.51,,750401.13
2028/02/17,2028/02/17,Favara Debit,"=""RBH5DPLY8ADYH50BL1""","=""FTC852PGQ7F0FUTG4J""",Ahmed Rasheed,"=""Ahmed Rasheed""",17-02-2028 09-00-00 Favara,495.68,,749905.45
2028/02/18,2028/02/18,Transfer Debit,"=""RBOCHWN0Z7TAN4LBRH""","=""FT3PUA9SWD485A3IW9""",Hussain Shafeeq,"=""Hussain Shafeeq""",18-02-2028 01-00-00 Internet Banking,73.85,,749831.60
2028/02/18,2028/02/18,Favara Debit,"=""RBXLDEZLZHNX7XYL68""","=""FTGAUJO6NXDK3QDM4L""",Ali Shaheed,"=""Ali Shaheed""",18-02-2028 17-00-00 Favara,127.02,,749704.58
2028/02/19,2028/02/19,Favara Credit,"=""RBQPAPR58DQ5VCZWWO""","=""FTEW6H1TQRVO14EDSM""",Freelance Client 1,"=""Freelance Client 1""",19-02-2028 09-00-00 Favara,,180.19,749884.77
2028/02/20,2028/02/20,Favara Credit,"=""RBRU6NTBS4TSKS844B""","=""FTA9SSG6RK4IA7FS2K""",Hussain Shafeeq,"=""Hussain Shafeeq""",20-02-2028 01-00-00 Favara,,233.36,750118.13
2028/02/20,2028/02/20,Transfer Credit,"=""RBRS9D9QYKCFIXGK10""","=""FT858BOEFEHIE1FWDL""",Ahmed Rasheed,"=""Ahmed Rasheed""",20-02-2028 17-00-00 Internet Banking,,285.00,750403.13
2028/02/21,2028/02/21,Transfer Debit,"=""RBZKVCDTODC7VUBFJW""","=""FTD4RGP5IPMZAI41LE""",Digitopia Pvt Ltd,"=""Digitopia Pvt Ltd""",21-02-2028 09-00-00 Internet Banking,338.17,,750064.96
2028/02/22,2028/02/22,Favara Debit,"=""RB9CP1ZSX5UD8AXAHX""","=""FTLHAGCBJ1UL96HXJ6""",My Other Bank Account,"=""My Other Bank Account""",22-02-2028 01-00-00 Favara,391.34,,749673.62
2028/02/22,2028/02/22,Favara Credit,"=""RBKUNNEKFBUQN5FJS0""","=""FTPYNRK0XUPRAPII65""",My Other Bank Account,"=""My Other Bank Account""",22-02-2028 17-00-00 Favara,,444.51,750118.13
2028/02/23,2028/02/23,Purchase,"=""RBK7A0AQV8YCF3LTD7""","=""FT8XNI7K096S340OWE""",23-02-2028,"=""Red Banana""",23-02-2028 09-00-00,497.68,,749620.45
2028/02/24,2028/02/24,Purchase,"=""RBETMK3LIQHSRC51C7""","=""FTF38DTP1FCBQVQIF3""",24-02-2028,"=""Avas Ride""",24-02-2028 01-00-00,75.85,,749544.60
2028/02/24,2028/02/24,Purchase,"=""RBOAHLS96INUMCXWHO""","=""FT8LKMXGKZHGW3UER7""",24-02-2028,"=""AliExpress""",24-02-2028 17-00-00,129.02,,749415.58
2028/02/25,2028/02/25,Purchase,"=""RBMJTGG7YKYID3T2O8""","=""FTYJ9LOR4ZLLLDS2U2""",25-02-2028,"=""MPGOOGLE YouTube Premium""",25-02-2028 09-00-00,182.19,,749233.39
2028/02/26,2028/02/26,Bill Payment,"=""RBO44RZZ4ZKTLEHQMM""","=""FTZDGU24ERTJQ0B1CB""",26-02-2028,"=""STELCO BILLPAY""",26-02-2028 01-00-00,235.36,,748998.03
2028/02/26,2028/02/26,Salary,"=""RBTWDASM7CJ3S4379I""","=""FT72EJ4R3P0FP4CFVY""",Synthetic Employer Pvt Ltd,"=""Synthetic Employer Pvt Ltd""",26-02-2028 17-00-00,,14363.00,763361.03
2028/02/27,2028/02/27,ATM Withdrawal,"=""RBXZP7ZOK7DM3UNAVO""","=""FTSTM62UWH61DJBQ0L""",ATM Cash Withdrawal,"=""ATM Cash Withdrawal""",27-02-2028 09-00-00,340.17,,763020.86
2028/02/28,2028/02/28,Credit Card Payment,"=""RBYOAWIR5JRNCM08VT""","=""FT650MMXULR32BG4WI""",BML Credit Card Payment,"=""BML Credit Card Payment""",28-02-2028 01-00-00,393.34,,762627.52
2028/02/28,2028/02/28,Favara Debit,"=""RB2WZPHOQHA0D54W53""","=""FTM1CY9X8Y56YHWLS3""",Hussain Shafeeq,"=""Hussain Shafeeq""",28-02-2028 17-00-00 Favara,446.51,,762181.01
2028/02/29,2028/02/29,Transfer Debit,"=""RB6J5JHWLOLTS8249H""","=""FT7RRDORHCJY064EO3""",Ali Shaheed,"=""Ali Shaheed""",29-02-2028 09-00-00 Internet Banking,499.68,,761681.33
2028/03/01,2028/03/01,Favara Debit,"=""RBT8HTVGRQVIH3D8U2""","=""FTKMTFUU68BW9KT3Z9""",Mariyam Naaz,"=""Mariyam Naaz""",01-03-2028 01-00-00 Favara,77.85,,761603.48
2028/03/01,2028/03/01,Favara Credit,"=""RBC8SNL8VH0JXBH6MH""","=""FT8MF4YTW6WTGH4RJR""",Freelance Client 2,"=""Freelance Client 2""",01-03-2028 17-00-00 Favara,,131.02,761734.50
2028/03/02,2028/03/02,Favara Credit,"=""RBMF0ARFAAFUS78QV7""","=""FTKGZE453I3MFHPKDD""",Ali Shaheed,"=""Ali Shaheed""",02-03-2028 09-00-00 Favara,,184.19,761918.69
2028/03/03,2028/03/03,Transfer Credit,"=""RBCU0UARM2MSDBAGE8""","=""FTAWCV328M5WF5CZH7""",Hussain Shafeeq,"=""Hussain Shafeeq""",03-03-2028 01-00-00 Internet Banking,,237.36,762156.05
2028/03/03,2028/03/03,Transfer Debit,"=""RB9FRHAEBN9MZYK1KY""","=""FTIMPQHNTL55I0CQTN""",Echbees LLP,"=""Echbees LLP""",03-03-2028 17-00-00 Internet Banking,289.00,,761867.05
2028/03/04,2028/03/04,Favara Debit,"=""RBUVQ59XXFO4H8TE13""","=""FT145AJJV7ETNXGJY8""",My Other Bank Account,"=""My Other Bank Account""",04-03-2028 09-00-00 Favara,342.17,,761524.88
2028/03/05,2028/03/05,Favara Credit,"=""RB47EUSZMNVEGORHXP""","=""FT0M4UL0IK1TGZK58I""",My Other Bank Account,"=""My Other Bank Account""",05-03-2028 01-00-00 Favara,,395.34,761920.22
2028/03/05,2028/03/05,Purchase,"=""RB9XAV8FL0EX2Y2JY6""","=""FTF06EGRI4QJM6JIDW""",05-03-2028,"=""Villa Mart""",05-03-2028 17-00-00,448.51,,761471.71
2028/03/06,2028/03/06,Purchase,"=""RB6CNAX1SCS524T9B0""","=""FTGDCTSFCL94J5A298""",06-03-2028,"=""Avas Ride""",06-03-2028 09-00-00,26.68,,761445.03
2028/03/07,2028/03/07,Purchase,"=""RBHMGZVTGKU8REJ8QI""","=""FT0JPD2EYGBAPLDOTU""",07-03-2028,"=""AliExpress""",07-03-2028 01-00-00,79.85,,761365.18
2028/03/07,2028/03/07,Purchase,"=""RBVWPDIM83KOZFVNRI""","=""FTWENHDF96N9SK9KUH""",07-03-2028,"=""MPGOOGLE Google One""",07-03-2028 17-00-00,133.02,,761232.16
2028/03/08,2028/03/08,Bill Payment,"=""RBXFNG8GUO8EJIMZV0""","=""FT5X651DTPQ50PM9U3""",08-03-2028,"=""Dhiraagu BILLPAY""",08-03-2028 09-00-00,186.19,,761045.97
2028/03/09,2028/03/09,Salary,"=""RBPE53KEQDQ4ZRAEGK""","=""FTW35QEH31UUREAJLR""",Synthetic Employer Pvt Ltd,"=""Synthetic Employer Pvt Ltd""",09-03-2028 01-00-00,,11012.00,772057.97
2028/03/09,2028/03/09,ATM Withdrawal,"=""RBV60C4LWV65QY2XJF""","=""FTIAR903VUAFUCGDKT""",ATM Cash Withdrawal,"=""ATM Cash Withdrawal""",09-03-2028 17-00-00,291.00,,771766.97
2028/03/10,2028/03/10,Credit Card Payment,"=""RBHD18PAHX5P22B0L1""","=""FTH4UWTC02B8ZQXK2T""",BML Credit Card Payment,"=""BML Credit Card Payment""",10-03-2028 09-00-00,344.17,,771422.80
2028/03/11,2028/03/11,Favara Debit,"=""RBSLGEOP6GRN93XR1L""","=""FTU127YO5IEW10I2V4""",Ali Shaheed,"=""Ali Shaheed""",11-03-2028 01-00-00 Favara,397.34,,771025.46
2028/03/11,2028/03/11,Transfer Debit,"=""RBNI24ISQUGQH3XDFJ""","=""FTNL1176PICEC9PRSR""",Mariyam Naaz,"=""Mariyam Naaz""",11-03-2028 17-00-00 Internet Banking,450.51,,770574.95
